Starting...
Gathering coverage... done in 7.539919583s
      KILLED ARITHMETIC_BASE at cmd/wagering/app.go:28:21
      KILLED INVERT_BITWISE at cmd/wagering/app.go:30:64
      KILLED ARITHMETIC_BASE at internal/app/apperr/apperr.go:23:63
      KILLED CONDITIONALS_NEGATION at internal/app/apperr/apperr.go:28:9
      KILLED INVERT_BITWISE at internal/app/apperr/apperr.go:36:24
      KILLED ARITHMETIC_BASE at internal/app/apperr/apperr.go:47:63
      KILLED CONDITIONALS_NEGATION at internal/app/apperr/apperr.go:50:9
      KILLED INVERT_BITWISE at internal/app/apperr/apperr.go:55:80
      KILLED CONDITIONALS_NEGATION at internal/app/usecase/process.go:15:9
      KILLED CONDITIONALS_NEGATION at internal/app/usecase/process.go:21:9
      KILLED CONDITIONALS_NEGATION at internal/app/usecase/process.go:27:47
      KILLED CONDITIONALS_NEGATION at internal/app/usecase/process.go:30:50
      KILLED INVERT_LOGICAL at internal/app/usecase/process.go:49:40
      KILLED CONDITIONALS_BOUNDARY at internal/app/usecase/process.go:49:16
      KILLED CONDITIONALS_NEGATION at internal/app/usecase/process.go:49:16
      KILLED ARITHMETIC_BASE at internal/app/usecase/process.go:52:72
      KILLED CONDITIONALS_NEGATION at internal/app/usecase/process.go:52:91
      KILLED CONDITIONALS_NEGATION at internal/app/usecase/process.go:55:50
      KILLED CONDITIONALS_NEGATION at internal/app/usecase/process.go:58:14
      KILLED CONDITIONALS_NEGATION at internal/app/usecase/process.go:71:9
      KILLED INVERT_LOGICAL at internal/app/usecase/process.go:74:30
      KILLED CONDITIONALS_NEGATION at internal/app/usecase/process.go:74:24
      KILLED CONDITIONALS_NEGATION at internal/app/usecase/process.go:74:42
      KILLED CONDITIONALS_NEGATION at internal/app/usecase/process.go:75:64
      KILLED CONDITIONALS_NEGATION at internal/app/usecase/process.go:79:10
      KILLED CONDITIONALS_NEGATION at internal/app/usecase/process.go:86:9
      KILLED CONDITIONALS_NEGATION at internal/app/usecase/process.go:89:22
      KILLED CONDITIONALS_NEGATION at internal/app/usecase/process.go:95:26
      KILLED CONDITIONALS_NEGATION at internal/app/usecase/process.go:96:58
      KILLED CONDITIONALS_NEGATION at internal/app/usecase/process.go:100:75
      KILLED CONDITIONALS_NEGATION at internal/app/usecase/process.go:104:33
      KILLED CONDITIONALS_NEGATION at internal/app/usecase/process.go:106:10
      KILLED CONDITIONALS_NEGATION at internal/app/usecase/process.go:110:83
      KILLED CONDITIONALS_NEGATION at internal/app/usecase/process.go:113:33
      KILLED CONDITIONALS_NEGATION at internal/app/usecase/process.go:114:79
      KILLED INVERT_BITWISE at internal/app/usecase/settlement.go:21:9
      KILLED CONDITIONALS_NEGATION at internal/app/usecase/settlement.go:32:37
      KILLED INVERT_LOGICAL at internal/app/usecase/settlement.go:35:81
      KILLED INVERT_LOGICAL at internal/app/usecase/settlement.go:35:43
      KILLED CONDITIONALS_NEGATION at internal/app/usecase/settlement.go:35:37
      KILLED CONDITIONALS_NEGATION at internal/app/usecase/settlement.go:35:75
      KILLED CONDITIONALS_NEGATION at internal/app/usecase/settlement.go:35:112
      KILLED CONDITIONALS_NEGATION at internal/app/usecase/settlement.go:38:43
      KILLED CONDITIONALS_NEGATION at internal/app/usecase/settlement.go:46:8
      KILLED CONDITIONALS_NEGATION at internal/app/usecase/settlement.go:54:9
      KILLED CONDITIONALS_NEGATION at internal/app/usecase/settlement.go:57:35
      KILLED CONDITIONALS_NEGATION at internal/app/usecase/settlement.go:73:8
      KILLED CONDITIONALS_NEGATION at internal/app/usecase/settlement.go:77:8
      KILLED CONDITIONALS_NEGATION at internal/app/usecase/settlement.go:81:8
      KILLED INVERT_LOGICAL at internal/app/usecase/settlement.go:82:39
      KILLED CONDITIONALS_NEGATION at internal/app/usecase/settlement.go:82:25
      KILLED CONDITIONALS_NEGATION at internal/app/usecase/settlement.go:82:56
      KILLED CONDITIONALS_NEGATION at internal/app/usecase/settlement.go:92:8
      KILLED CONDITIONALS_NEGATION at internal/app/usecase/settlement.go:95:31
      KILLED CONDITIONALS_NEGATION at internal/app/usecase/settlement.go:101:9
      KILLED CONDITIONALS_NEGATION at internal/app/usecase/settlement_audit.go:22:9
      KILLED CONDITIONALS_NEGATION at internal/app/usecase/settlement_audit.go:28:10
      KILLED CONDITIONALS_NEGATION at internal/app/usecase/settlement_audit.go:34:9
      KILLED CONDITIONALS_NEGATION at internal/app/usecase/settlement_audit.go:44:9
      KILLED CONDITIONALS_NEGATION at internal/app/usecase/settlement_audit.go:50:10
      KILLED CONDITIONALS_NEGATION at internal/app/usecase/settlement_audit.go:54:10
      KILLED CONDITIONALS_NEGATION at internal/app/usecase/settlement_audit.go:57:20
      KILLED CONDITIONALS_NEGATION at internal/app/usecase/settlement_audit.go:61:67
      KILLED ARITHMETIC_BASE at internal/app/usecase/settlement_audit.go:68:39
      KILLED CONDITIONALS_NEGATION at internal/app/usecase/settlement_audit.go:71:11
      KILLED CONDITIONALS_NEGATION at internal/app/usecase/settlement_audit.go:74:56
      KILLED CONDITIONALS_NEGATION at internal/app/usecase/settlement_audit.go:77:58
      KILLED CONDITIONALS_NEGATION at internal/app/usecase/settlement_audit.go:81:68
      KILLED CONDITIONALS_NEGATION at internal/app/usecase/settlement_audit.go:88:9
      KILLED INVERT_BITWISE at internal/app/usecase/settlement_message.go:21:9
      KILLED INVERT_LOGICAL at internal/app/usecase/settlement_message.go:34:123
      KILLED INVERT_LOGICAL at internal/app/usecase/settlement_message.go:34:86
      KILLED INVERT_LOGICAL at internal/app/usecase/settlement_message.go:34:63
      KILLED INVERT_LOGICAL at internal/app/usecase/settlement_message.go:34:29
      KILLED CONDITIONALS_NEGATION at internal/app/usecase/settlement_message.go:34:22
      KILLED INVERT_BITWISE at internal/app/usecase/settlement_message.go:34:16
      KILLED CONDITIONALS_NEGATION at internal/app/usecase/settlement_message.go:34:53
      KILLED CONDITIONALS_NEGATION at internal/app/usecase/settlement_message.go:34:80
      KILLED CONDITIONALS_NEGATION at internal/app/usecase/settlement_message.go:34:98
      KILLED CONDITIONALS_NEGATION at internal/app/usecase/settlement_message.go:38:9
      KILLED INVERT_BITWISE at internal/app/usecase/transaction.go:64:9
      KILLED INVERT_LOGICAL at internal/app/usecase/transaction.go:70:29
      KILLED CONDITIONALS_NEGATION at internal/app/usecase/transaction.go:70:15
      KILLED CONDITIONALS_NEGATION at internal/app/usecase/transaction.go:70:42
      KILLED INVERT_LOGICAL at internal/app/usecase/transaction.go:73:29
      KILLED CONDITIONALS_NEGATION at internal/app/usecase/transaction.go:73:15
      KILLED INVERT_LOGICAL at internal/app/usecase/transaction.go:73:63
      KILLED CONDITIONALS_NEGATION at internal/app/usecase/transaction.go:73:57
      KILLED CONDITIONALS_NEGATION at internal/app/usecase/transaction.go:73:90
      KILLED INVERT_LOGICAL at internal/app/usecase/transaction.go:76:28
      KILLED CONDITIONALS_NEGATION at internal/app/usecase/transaction.go:76:15
      KILLED INVERT_LOGICAL at internal/app/usecase/transaction.go:76:56
      KILLED CONDITIONALS_NEGATION at internal/app/usecase/transaction.go:76:50
      KILLED CONDITIONALS_NEGATION at internal/app/usecase/transaction.go:76:72
      KILLED CONDITIONALS_NEGATION at internal/app/usecase/transaction.go:80:9
      KILLED CONDITIONALS_NEGATION at internal/app/usecase/transaction.go:84:9
      KILLED CONDITIONALS_NEGATION at internal/app/usecase/transaction.go:89:9
      KILLED CONDITIONALS_NEGATION at internal/app/usecase/transaction.go:93:9
      KILLED CONDITIONALS_NEGATION at internal/app/usecase/transaction.go:98:14
      KILLED INVERT_LOGICAL at internal/app/usecase/transaction.go:100:15
      KILLED CONDITIONALS_NEGATION at internal/app/usecase/transaction.go:100:8
      KILLED CONDITIONALS_NEGATION at internal/app/usecase/transaction.go:100:20
      KILLED CONDITIONALS_NEGATION at internal/app/usecase/transaction.go:107:9
      KILLED CONDITIONALS_NEGATION at internal/app/usecase/transaction.go:112:16
      KILLED CONDITIONALS_NEGATION at internal/app/usecase/transaction.go:114:9
      KILLED CONDITIONALS_NEGATION at internal/app/usecase/transaction.go:117:13
      KILLED INVERT_LOGICAL at internal/app/usecase/transaction.go:122:15
      KILLED CONDITIONALS_NEGATION at internal/app/usecase/transaction.go:122:8
      KILLED CONDITIONALS_NEGATION at internal/app/usecase/transaction.go:127:52
      KILLED CONDITIONALS_NEGATION at internal/app/usecase/transaction.go:131:9
      KILLED CONDITIONALS_NEGATION at internal/app/usecase/transaction.go:135:17
      KILLED CONDITIONALS_NEGATION at internal/app/usecase/transaction.go:137:13
      KILLED CONDITIONALS_NEGATION at internal/app/usecase/transaction.go:141:13
      KILLED INVERT_LOGICAL at internal/app/usecase/transaction.go:144:101
      KILLED INVERT_LOGICAL at internal/app/usecase/transaction.go:144:70
      KILLED INVERT_LOGICAL at internal/app/usecase/transaction.go:144:41
      KILLED CONDITIONALS_NEGATION at internal/app/usecase/transaction.go:144:24
      KILLED CONDITIONALS_NEGATION at internal/app/usecase/transaction.go:144:56
      KILLED CONDITIONALS_NEGATION at internal/app/usecase/transaction.go:144:86
      KILLED CONDITIONALS_NEGATION at internal/app/usecase/transaction.go:144:115
      KILLED CONDITIONALS_NEGATION at internal/app/usecase/transaction.go:147:54
      KILLED CONDITIONALS_NEGATION at internal/app/usecase/transaction.go:151:37
      KILLED CONDITIONALS_NEGATION at internal/app/usecase/transaction.go:160:10
      KILLED INVERT_LOGICAL at internal/app/usecase/transaction.go:169:28
      KILLED CONDITIONALS_NEGATION at internal/app/usecase/transaction.go:169:20
      KILLED CONDITIONALS_NEGATION at internal/app/usecase/transaction.go:169:48
      KILLED CONDITIONALS_NEGATION at internal/app/usecase/transaction.go:176:16
      KILLED CONDITIONALS_NEGATION at internal/app/usecase/transaction.go:180:92
      KILLED CONDITIONALS_NEGATION at internal/app/usecase/transaction.go:188:9
      KILLED CONDITIONALS_NEGATION at internal/app/usecase/transaction.go:195:9
      KILLED INVERT_BITWISE at internal/app/usecase/transaction.go:227:70
      KILLED CONDITIONALS_NEGATION at internal/app/usecase/transaction.go:233:8
      KILLED INVERT_LOGICAL at internal/app/usecase/transaction.go:237:18
      KILLED INVERT_LOGICAL at internal/app/usecase/transaction.go:237:41
      KILLED CONDITIONALS_NEGATION at internal/app/usecase/transaction.go:237:35
      KILLED CONDITIONALS_NEGATION at internal/app/usecase/transaction.go:237:57
      KILLED INVERT_LOGICAL at internal/app/usecase/transaction.go:247:17
      KILLED INVERT_LOGICAL at internal/app/usecase/transaction.go:247:40
      KILLED CONDITIONALS_NEGATION at internal/app/usecase/transaction.go:247:34
      KILLED CONDITIONALS_NEGATION at internal/app/usecase/transaction.go:247:54
      KILLED CONDITIONALS_NEGATION at internal/app/usecase/transaction.go:253:8
      KILLED INVERT_BITWISE at internal/app/usecase/transaction.go:290:9
      KILLED INVERT_BITWISE at internal/app/usecase/transaction.go:300:23
      KILLED CONDITIONALS_NEGATION at internal/app/usecase/transaction.go:300:32
      KILLED CONDITIONALS_NEGATION at internal/app/usecase/transaction.go:303:26
      KILLED INVERT_LOGICAL at internal/app/usecase/transaction.go:309:64
      KILLED INVERT_LOGICAL at internal/app/usecase/transaction.go:309:23
      KILLED CONDITIONALS_NEGATION at internal/app/usecase/transaction.go:309:17
      KILLED CONDITIONALS_NEGATION at internal/app/usecase/transaction.go:309:33
      KILLED CONDITIONALS_NEGATION at internal/app/usecase/transaction.go:309:89
      KILLED INVERT_BITWISE at internal/app/usecase/wallet.go:35:9
      KILLED CONDITIONALS_NEGATION at internal/app/usecase/wallet.go:40:9
      KILLED CONDITIONALS_NEGATION at internal/app/usecase/wallet.go:44:9
      KILLED CONDITIONALS_NEGATION at internal/app/usecase/wallet.go:48:46
      KILLED CONDITIONALS_NEGATION at internal/app/usecase/wallet.go:55:10
      KILLED CONDITIONALS_NEGATION at internal/app/usecase/wallet.go:58:50
      KILLED CONDITIONALS_NEGATION at internal/app/usecase/wallet.go:64:10
      KILLED CONDITIONALS_NEGATION at internal/app/usecase/wallet.go:67:48
      KILLED CONDITIONALS_NEGATION at internal/app/usecase/wallet.go:71:51
      KILLED INVERT_BITWISE at internal/app/usecase/wallet.go:83:60
      KILLED CONDITIONALS_NEGATION at internal/app/usecase/wallet.go:89:8
      KILLED INVERT_BITWISE at internal/app/usecase/wallet.go:102:62
      KILLED CONDITIONALS_NEGATION at internal/app/usecase/wallet.go:107:49
      KILLED INVERT_BITWISE at internal/app/usecase/wallet.go:132:9
      KILLED CONDITIONALS_NEGATION at internal/app/usecase/wallet.go:139:8
      KILLED CONDITIONALS_NEGATION at internal/app/usecase/wallet.go:143:8
      KILLED CONDITIONALS_NEGATION at internal/app/usecase/wallet.go:147:8
      KILLED INVERT_LOGICAL at internal/app/usecase/wallet.go:153:16
      KILLED CONDITIONALS_NEGATION at internal/app/usecase/wallet.go:153:9
      KILLED INVERT_BITWISE at internal/app/usecase/workers.go:20:62
      KILLED INVERT_BITWISE at internal/app/usecase/workers.go:30:9
      KILLED INVERT_LOGICAL at internal/app/usecase/workers.go:35:20
      KILLED CONDITIONALS_BOUNDARY at internal/app/usecase/workers.go:35:8
      KILLED CONDITIONALS_NEGATION at internal/app/usecase/workers.go:35:8
      KILLED CONDITIONALS_NEGATION at internal/app/usecase/workers.go:35:33
      KILLED CONDITIONALS_NEGATION at internal/app/usecase/workers.go:41:9
      KILLED CONDITIONALS_NEGATION at internal/app/usecase/workers.go:44:17
      KILLED CONDITIONALS_NEGATION at internal/app/usecase/workers.go:52:10
      KILLED CONDITIONALS_NEGATION at internal/app/usecase/workers.go:53:15
      KILLED INVERT_LOGICAL at internal/app/usecase/workers.go:60:24
      KILLED CONDITIONALS_NEGATION at internal/app/usecase/workers.go:60:18
      KILLED CONDITIONALS_NEGATION at internal/app/usecase/workers.go:64:11
      KILLED CONDITIONALS_NEGATION at internal/app/usecase/workers.go:70:67
      KILLED CONDITIONALS_NEGATION at internal/app/usecase/workers.go:73:49
      KILLED CONDITIONALS_NEGATION at internal/app/usecase/workers.go:79:19
      KILLED INCREMENT_DECREMENT at internal/app/usecase/workers.go:86:6
      KILLED INVERT_LOOPCTRL at internal/app/usecase/workers.go:87:5
      KILLED INVERT_LOOPCTRL at internal/app/usecase/workers.go:92:4
      KILLED INCREMENT_DECREMENT at internal/app/usecase/workers.go:94:4
      KILLED INVERT_BITWISE at internal/app/usecase/workers.go:109:9
      KILLED ARITHMETIC_BASE at internal/app/usecase/workers.go:112:25
      KILLED CONDITIONALS_NEGATION at internal/app/usecase/workers.go:119:9
      KILLED INVERT_BITWISE at internal/app/usecase/workers.go:131:36
      KILLED ARITHMETIC_BASE at internal/app/usecase/workers.go:133:49
      KILLED INVERT_LOGICAL at internal/app/usecase/workers.go:135:24
      KILLED CONDITIONALS_NEGATION at internal/app/usecase/workers.go:135:35
      KILLED CONDITIONALS_NEGATION at internal/app/usecase/workers.go:139:14
      KILLED CONDITIONALS_NEGATION at internal/app/usecase/workers.go:143:15
      KILLED CONDITIONALS_NEGATION at internal/app/usecase/workers.go:149:10
      KILLED CONDITIONALS_NEGATION at internal/app/usecase/workers.go:153:14
      KILLED CONDITIONALS_NEGATION at internal/app/usecase/workers.go:160:8
      KILLED CONDITIONALS_NEGATION at internal/app/usecase/workers.go:164:13
      KILLED CONDITIONALS_NEGATION at internal/domain/event/event.go:64:115
      KILLED CONDITIONALS_NEGATION at internal/domain/event/event.go:68:9
      KILLED INVERT_LOGICAL at internal/domain/event/validation.go:16:42
      KILLED INVERT_LOGICAL at internal/domain/event/validation.go:16:16
      KILLED CONDITIONALS_NEGATION at internal/domain/event/validation.go:16:9
      KILLED CONDITIONALS_NEGATION at internal/domain/event/validation.go:16:30
      KILLED INVERT_LOGICAL at internal/domain/event/validation.go:22:66
      KILLED INVERT_LOGICAL at internal/domain/event/validation.go:22:49
      KILLED INVERT_LOGICAL at internal/domain/event/validation.go:22:34
      KILLED INVERT_LOGICAL at internal/domain/event/validation.go:22:20
      KILLED CONDITIONALS_NEGATION at internal/domain/event/validation.go:22:11
      KILLED CONDITIONALS_NEGATION at internal/domain/event/validation.go:22:25
      KILLED CONDITIONALS_NEGATION at internal/domain/event/validation.go:22:39
      KILLED CONDITIONALS_NEGATION at internal/domain/event/validation.go:22:54
      KILLED CONDITIONALS_NEGATION at internal/domain/event/validation.go:22:71
      KILLED INVERT_LOGICAL at internal/domain/event/validation.go:25:70
      KILLED INVERT_LOGICAL at internal/domain/event/validation.go:25:54
      KILLED INVERT_LOGICAL at internal/domain/event/validation.go:25:33
      KILLED INVERT_LOGICAL at internal/domain/event/validation.go:25:14
      KILLED CONDITIONALS_NEGATION at internal/domain/event/validation.go:25:8
      KILLED CONDITIONALS_NEGATION at internal/domain/event/validation.go:25:27
      KILLED CONDITIONALS_NEGATION at internal/domain/event/validation.go:25:48
      KILLED CONDITIONALS_NEGATION at internal/domain/event/validation.go:25:65
      KILLED INVERT_LOGICAL at internal/domain/event/validation.go:30:37
      KILLED CONDITIONALS_NEGATION at internal/domain/event/validation.go:30:10
      KILLED CONDITIONALS_NEGATION at internal/domain/event/validation.go:30:55
      KILLED INVERT_LOGICAL at internal/domain/event/validation.go:34:95
      KILLED INVERT_LOGICAL at internal/domain/event/validation.go:34:68
      KILLED INVERT_LOGICAL at internal/domain/event/validation.go:34:43
      KILLED CONDITIONALS_NEGATION at internal/domain/event/validation.go:34:10
      KILLED CONDITIONALS_NEGATION at internal/domain/event/validation.go:34:62
      KILLED CONDITIONALS_NEGATION at internal/domain/event/validation.go:34:82
      KILLED CONDITIONALS_NEGATION at internal/domain/event/validation.go:34:109
      KILLED CONDITIONALS_NEGATION at internal/domain/event/validation.go:38:10
      KILLED CONDITIONALS_NEGATION at internal/domain/event/validation.go:41:13
      KILLED INVERT_LOGICAL at internal/domain/event/validation.go:42:78
      KILLED INVERT_LOGICAL at internal/domain/event/validation.go:42:59
      KILLED INVERT_LOGICAL at internal/domain/event/validation.go:42:26
      KILLED CONDITIONALS_NEGATION at internal/domain/event/validation.go:42:20
      KILLED CONDITIONALS_NEGATION at internal/domain/event/validation.go:42:53
      KILLED CONDITIONALS_NEGATION at internal/domain/event/validation.go:42:72
      KILLED INVERT_LOGICAL at internal/domain/event/validation.go:45:149
      KILLED INVERT_LOGICAL at internal/domain/event/validation.go:45:109
      KILLED INVERT_LOGICAL at internal/domain/event/validation.go:45:90
      KILLED INVERT_LOGICAL at internal/domain/event/validation.go:45:57
      KILLED INVERT_LOGICAL at internal/domain/event/validation.go:45:35
      KILLED CONDITIONALS_NEGATION at internal/domain/event/validation.go:45:51
      KILLED CONDITIONALS_NEGATION at internal/domain/event/validation.go:45:84
      KILLED CONDITIONALS_NEGATION at internal/domain/event/validation.go:45:103
      KILLED INVERT_LOGICAL at internal/domain/event/validation.go:45:130
      KILLED CONDITIONALS_NEGATION at internal/domain/event/validation.go:45:120
      KILLED CONDITIONALS_NEGATION at internal/domain/event/validation.go:45:143
      KILLED INVERT_LOGICAL at internal/domain/event/validation.go:45:170
      KILLED CONDITIONALS_NEGATION at internal/domain/event/validation.go:45:160
      KILLED INVERT_LOGICAL at internal/domain/event/validation.go:49:174
      KILLED INVERT_LOGICAL at internal/domain/event/validation.go:49:141
      KILLED INVERT_LOGICAL at internal/domain/event/validation.go:49:119
      KILLED INVERT_LOGICAL at internal/domain/event/validation.go:49:94
      KILLED INVERT_LOGICAL at internal/domain/event/validation.go:49:67
      KILLED INVERT_LOGICAL at internal/domain/event/validation.go:49:42
      KILLED CONDITIONALS_NEGATION at internal/domain/event/validation.go:49:10
      KILLED CONDITIONALS_NEGATION at internal/domain/event/validation.go:49:61
      KILLED CONDITIONALS_NEGATION at internal/domain/event/validation.go:49:81
      KILLED CONDITIONALS_NEGATION at internal/domain/event/validation.go:49:135
      KILLED CONDITIONALS_NEGATION at internal/domain/event/validation.go:49:168
      KILLED CONDITIONALS_NEGATION at internal/domain/event/validation.go:49:191
      KILLED INVERT_LOGICAL at internal/domain/event/validation.go:53:90
      KILLED INVERT_LOGICAL at internal/domain/event/validation.go:53:63
      KILLED INVERT_LOGICAL at internal/domain/event/validation.go:53:38
      KILLED CONDITIONALS_NEGATION at internal/domain/event/validation.go:53:10
      KILLED CONDITIONALS_NEGATION at internal/domain/event/validation.go:53:57
      KILLED CONDITIONALS_NEGATION at internal/domain/event/validation.go:53:77
      KILLED CONDITIONALS_BOUNDARY at internal/domain/event/validation.go:53:109
      KILLED CONDITIONALS_NEGATION at internal/domain/event/validation.go:53:109
      KILLED INVERT_LOGICAL at internal/domain/event/validation.go:57:17
      KILLED CONDITIONALS_NEGATION at internal/domain/event/validation.go:57:10
      KILLED CONDITIONALS_NEGATION at internal/domain/event/validation.go:61:10
      KILLED CONDITIONALS_NEGATION at internal/domain/event/validation.go:65:10
      KILLED INVERT_LOGICAL at internal/domain/event/validation.go:77:60
      KILLED INVERT_LOGICAL at internal/domain/event/validation.go:77:17
      KILLED CONDITIONALS_NEGATION at internal/domain/event/validation.go:77:10
      KILLED CONDITIONALS_NEGATION at internal/domain/event/validation.go:77:40
      KILLED CONDITIONALS_NEGATION at internal/domain/event/validation.go:77:80
      KILLED INVERT_LOGICAL at internal/domain/event/validation.go:81:208
      KILLED INVERT_LOGICAL at internal/domain/event/validation.go:81:172
      KILLED INVERT_LOGICAL at internal/domain/event/validation.go:81:130
      KILLED INVERT_LOGICAL at internal/domain/event/validation.go:81:97
      KILLED INVERT_LOGICAL at internal/domain/event/validation.go:81:75
      KILLED INVERT_LOGICAL at internal/domain/event/validation.go:81:50
      KILLED CONDITIONALS_NEGATION at internal/domain/event/validation.go:81:10
      KILLED CONDITIONALS_NEGATION at internal/domain/event/validation.go:81:69
      KILLED CONDITIONALS_NEGATION at internal/domain/event/validation.go:81:91
      KILLED CONDITIONALS_NEGATION at internal/domain/event/validation.go:81:124
      KILLED CONDITIONALS_NEGATION at internal/domain/event/validation.go:81:166
      KILLED INVERT_BITWISE at internal/domain/event/validation.go:94:36
      KILLED CONDITIONALS_NEGATION at internal/domain/event/validation.go:94:45
      KILLED INVERT_LOGICAL at internal/domain/event/validation.go:97:89
      KILLED INVERT_LOGICAL at internal/domain/event/validation.go:97:67
      KILLED INVERT_LOGICAL at internal/domain/event/validation.go:97:37
      KILLED INVERT_LOGICAL at internal/domain/event/validation.go:97:18
      KILLED CONDITIONALS_BOUNDARY at internal/domain/event/validation.go:97:14
      KILLED CONDITIONALS_NEGATION at internal/domain/event/validation.go:97:14
      KILLED CONDITIONALS_NEGATION at internal/domain/event/validation.go:97:24
      KILLED CONDITIONALS_NEGATION at internal/domain/event/validation.go:97:50
      KILLED CONDITIONALS_NEGATION at internal/domain/event/validation.go:97:74
      KILLED INVERT_BITWISE at internal/domain/event/validation.go:103:10
      KILLED INVERT_BITWISE at internal/domain/event/validation.go:105:10
      KILLED INVERT_BITWISE at internal/domain/event/validation.go:107:10
      KILLED INVERT_BITWISE at internal/domain/event/validation.go:109:10
      KILLED INVERT_BITWISE at internal/domain/event/validation.go:111:10
      KILLED CONDITIONALS_NEGATION at internal/domain/event/validation.go:115:46
      KILLED CONDITIONALS_NEGATION at internal/domain/event/validation.go:130:113
      KILLED INVERT_LOGICAL at internal/domain/money/money.go:30:44
      KILLED INVERT_LOGICAL at internal/domain/money/money.go:30:23
      KILLED CONDITIONALS_NEGATION at internal/domain/money/money.go:30:14
      KILLED CONDITIONALS_NEGATION at internal/domain/money/money.go:30:35
      KILLED CONDITIONALS_NEGATION at internal/domain/money/money.go:30:56
      KILLED ARITHMETIC_BASE at internal/domain/money/money.go:43:35
      KILLED INVERT_NEGATIVES at internal/domain/money/money.go:43:31
      KILLED ARITHMETIC_BASE at internal/domain/money/money.go:43:31
      KILLED INVERT_NEGATIVES at internal/domain/money/money.go:43:55
      KILLED ARITHMETIC_BASE at internal/domain/money/money.go:43:55
      KILLED CONDITIONALS_NEGATION at internal/domain/money/money.go:45:9
      KILLED CONDITIONALS_NEGATION at internal/domain/money/money.go:53:51
      KILLED CONDITIONALS_BOUNDARY at internal/domain/money/money.go:54:51
      KILLED CONDITIONALS_NEGATION at internal/domain/money/money.go:54:51
      KILLED CONDITIONALS_BOUNDARY at internal/domain/money/money.go:55:51
      KILLED CONDITIONALS_NEGATION at internal/domain/money/money.go:55:51
      KILLED CONDITIONALS_NEGATION at internal/domain/money/money.go:56:54
      KILLED CONDITIONALS_NEGATION at internal/domain/money/money.go:59:33
      KILLED ARITHMETIC_BASE at internal/domain/money/money.go:63:17
      KILLED CONDITIONALS_BOUNDARY at internal/domain/money/money.go:64:33
      KILLED CONDITIONALS_NEGATION at internal/domain/money/money.go:64:33
      KILLED INVERT_BITWISE at internal/domain/money/money.go:64:18
      KILLED INVERT_BITWISE at internal/domain/money/money.go:64:13
      KILLED INVERT_BITWISE at internal/domain/money/money.go:64:27
      KILLED CONDITIONALS_NEGATION at internal/domain/money/money.go:74:13
      KILLED INVERT_NEGATIVES at internal/domain/money/money.go:77:15
      KILLED ARITHMETIC_BASE at internal/domain/money/money.go:77:15
      KILLED CONDITIONALS_NEGATION at internal/domain/money/money.go:81:33
      KILLED INVERT_NEGATIVES at internal/domain/money/money.go:86:24
      KILLED ARITHMETIC_BASE at internal/domain/money/money.go:86:24
      KILLED CONDITIONALS_BOUNDARY at internal/domain/money/money.go:87:44
      KILLED CONDITIONALS_NEGATION at internal/domain/money/money.go:87:44
      KILLED INVERT_BITWISE at internal/domain/money/money.go:87:22
      KILLED INVERT_BITWISE at internal/domain/money/money.go:87:13
      KILLED INVERT_BITWISE at internal/domain/money/money.go:87:31
      KILLED CONDITIONALS_NEGATION at internal/domain/money/money.go:94:33
      KILLED CONDITIONALS_BOUNDARY at internal/domain/money/money.go:97:13
      KILLED CONDITIONALS_NEGATION at internal/domain/money/money.go:97:13
      KILLED INVERT_NEGATIVES at internal/domain/money/money.go:98:10
      KILLED ARITHMETIC_BASE at internal/domain/money/money.go:98:10
      KILLED CONDITIONALS_BOUNDARY at internal/domain/money/money.go:100:13
      KILLED CONDITIONALS_NEGATION at internal/domain/money/money.go:100:13
      KILLED INVERT_LOGICAL at internal/domain/money/money.go:107:16
      KILLED CONDITIONALS_NEGATION at internal/domain/money/money.go:110:16
      KILLED CONDITIONALS_BOUNDARY at internal/domain/money/money.go:119:13
      KILLED CONDITIONALS_NEGATION at internal/domain/money/money.go:119:13
      KILLED INVERT_BITWISE at internal/domain/money/money.go:121:7
      KILLED ARITHMETIC_BASE at internal/domain/money/money.go:121:10
      KILLED ARITHMETIC_BASE at internal/domain/money/money.go:123:41
      KILLED ARITHMETIC_BASE at internal/domain/money/money.go:123:48
      KILLED INVERT_LOGICAL at internal/domain/settlement/plan.go:52:88
      KILLED INVERT_LOGICAL at internal/domain/settlement/plan.go:52:49
      KILLED INVERT_LOGICAL at internal/domain/settlement/plan.go:52:24
      KILLED CONDITIONALS_NEGATION at internal/domain/settlement/plan.go:52:14
      KILLED CONDITIONALS_NEGATION at internal/domain/settlement/plan.go:52:44
      KILLED CONDITIONALS_NEGATION at internal/domain/settlement/plan.go:52:82
      KILLED CONDITIONALS_NEGATION at internal/domain/settlement/plan.go:52:106
      KILLED INVERT_LOGICAL at internal/domain/settlement/plan.go:58:70
      KILLED INVERT_LOGICAL at internal/domain/settlement/plan.go:58:43
      KILLED CONDITIONALS_NEGATION at internal/domain/settlement/plan.go:58:29
      KILLED CONDITIONALS_BOUNDARY at internal/domain/settlement/plan.go:58:66
      KILLED CONDITIONALS_NEGATION at internal/domain/settlement/plan.go:58:66
      KILLED CONDITIONALS_NEGATION at internal/domain/settlement/plan.go:58:96
      KILLED INVERT_LOGICAL at internal/domain/settlement/plan.go:66:87
      KILLED INVERT_LOGICAL at internal/domain/settlement/plan.go:66:62
      KILLED INVERT_LOGICAL at internal/domain/settlement/plan.go:66:36
      KILLED CONDITIONALS_NEGATION at internal/domain/settlement/plan.go:66:29
      KILLED CONDITIONALS_NEGATION at internal/domain/settlement/plan.go:66:109
      KILLED INVERT_LOGICAL at internal/domain/settlement/plan.go:73:131
      KILLED INVERT_LOGICAL at internal/domain/settlement/plan.go:73:106
      KILLED INVERT_LOGICAL at internal/domain/settlement/plan.go:73:87
      KILLED INVERT_LOGICAL at internal/domain/settlement/plan.go:73:49
      KILLED INVERT_LOGICAL at internal/domain/settlement/plan.go:73:31
      KILLED INVERT_LOGICAL at internal/domain/settlement/plan.go:73:18
      KILLED CONDITIONALS_NEGATION at internal/domain/settlement/plan.go:73:11
      KILLED CONDITIONALS_NEGATION at internal/domain/settlement/plan.go:73:24
      KILLED CONDITIONALS_NEGATION at internal/domain/settlement/plan.go:73:41
      KILLED CONDITIONALS_NEGATION at internal/domain/settlement/plan.go:73:69
      KILLED CONDITIONALS_NEGATION at internal/domain/settlement/plan.go:73:153
      KILLED CONDITIONALS_BOUNDARY at internal/domain/settlement/plan.go:77:23
      KILLED CONDITIONALS_NEGATION at internal/domain/settlement/plan.go:77:23
      KILLED CONDITIONALS_NEGATION at internal/domain/settlement/plan.go:87:15
      KILLED CONDITIONALS_NEGATION at internal/domain/settlement/reversal.go:29:14
      KILLED INVERT_LOGICAL at internal/domain/settlement/reversal.go:32:26
      KILLED CONDITIONALS_NEGATION at internal/domain/settlement/reversal.go:32:21
      KILLED CONDITIONALS_NEGATION at internal/domain/settlement/reversal.go:32:45
      KILLED INVERT_LOGICAL at internal/domain/settlement/reversal.go:36:30
      KILLED CONDITIONALS_NEGATION at internal/domain/settlement/reversal.go:36:13
      KILLED CONDITIONALS_NEGATION at internal/domain/settlement/reversal.go:36:42
      KILLED CONDITIONALS_NEGATION at internal/domain/settlement/reversal.go:43:10
      KILLED INVERT_LOGICAL at internal/domain/settlement/reversal.go:50:36
      KILLED INVERT_LOGICAL at internal/domain/settlement/reversal.go:50:19
      KILLED CONDITIONALS_NEGATION at internal/domain/settlement/reversal.go:50:12
      KILLED CONDITIONALS_NEGATION at internal/domain/settlement/reversal.go:50:29
      KILLED CONDITIONALS_NEGATION at internal/domain/settlement/reversal.go:50:45
      KILLED CONDITIONALS_NEGATION at internal/domain/settlement/reversal.go:53:51
      KILLED CONDITIONALS_NEGATION at internal/domain/settlement/reversal.go:59:53
      KILLED INVERT_BITWISE at internal/domain/settlement/reversal.go:61:12
      KILLED CONDITIONALS_NEGATION at internal/domain/wager/accounting.go:47:32
      KILLED INVERT_LOGICAL at internal/domain/wager/accounting.go:50:140
      KILLED INVERT_LOGICAL at internal/domain/wager/accounting.go:50:90
      KILLED INVERT_LOGICAL at internal/domain/wager/accounting.go:50:52
      KILLED INVERT_LOGICAL at internal/domain/wager/accounting.go:50:26
      KILLED CONDITIONALS_NEGATION at internal/domain/wager/accounting.go:50:20
      KILLED CONDITIONALS_NEGATION at internal/domain/wager/accounting.go:50:46
      KILLED CONDITIONALS_NEGATION at internal/domain/wager/accounting.go:50:70
      KILLED CONDITIONALS_NEGATION at internal/domain/wager/accounting.go:50:114
      KILLED CONDITIONALS_NEGATION at internal/domain/wager/accounting.go:50:174
      KILLED CONDITIONALS_NEGATION at internal/domain/wager/accounting.go:57:26
      KILLED CONDITIONALS_NEGATION at internal/domain/wager/accounting.go:60:36
      KILLED INVERT_LOGICAL at internal/domain/wager/accounting.go:64:33
      KILLED CONDITIONALS_NEGATION at internal/domain/wager/accounting.go:64:27
      KILLED CONDITIONALS_NEGATION at internal/domain/wager/accounting.go:64:38
      KILLED INVERT_LOGICAL at internal/domain/wager/accounting.go:68:23
      KILLED CONDITIONALS_NEGATION at internal/domain/wager/accounting.go:68:12
      KILLED CONDITIONALS_NEGATION at internal/domain/wager/accounting.go:68:48
      KILLED CONDITIONALS_NEGATION at internal/domain/wager/accounting.go:69:28
      KILLED INVERT_LOGICAL at internal/domain/wager/accounting.go:72:33
      KILLED CONDITIONALS_NEGATION at internal/domain/wager/accounting.go:72:28
      KILLED CONDITIONALS_NEGATION at internal/domain/wager/accounting.go:72:38
      KILLED CONDITIONALS_NEGATION at internal/domain/wager/accounting.go:76:7
      KILLED INVERT_LOGICAL at internal/domain/wager/accounting.go:77:153
      KILLED INVERT_LOGICAL at internal/domain/wager/accounting.go:77:107
      KILLED INVERT_LOGICAL at internal/domain/wager/accounting.go:77:79
      KILLED INVERT_LOGICAL at internal/domain/wager/accounting.go:77:51
      KILLED INVERT_LOGICAL at internal/domain/wager/accounting.go:77:19
      KILLED CONDITIONALS_NEGATION at internal/domain/wager/accounting.go:77:11
      KILLED CONDITIONALS_NEGATION at internal/domain/wager/accounting.go:77:35
      KILLED CONDITIONALS_NEGATION at internal/domain/wager/accounting.go:77:65
      KILLED CONDITIONALS_NEGATION at internal/domain/wager/accounting.go:77:93
      KILLED CONDITIONALS_NEGATION at internal/domain/wager/accounting.go:77:130
      KILLED CONDITIONALS_NEGATION at internal/domain/wager/accounting.go:77:166
      KILLED CONDITIONALS_NEGATION at internal/domain/wager/accounting.go:87:15
      KILLED INVERT_LOGICAL at internal/domain/wager/accounting.go:90:26
      KILLED CONDITIONALS_NEGATION at internal/domain/wager/accounting.go:90:46
      KILLED INVERT_LOGICAL at internal/domain/wager/accounting.go:93:26
      KILLED INVERT_LOGICAL at internal/domain/wager/accounting.go:100:20
      KILLED CONDITIONALS_NEGATION at internal/domain/wager/accounting.go:100:14
      KILLED CONDITIONALS_NEGATION at internal/domain/wager/accounting.go:100:35
      KILLED CONDITIONALS_NEGATION at internal/domain/wager/accounting.go:108:8
      KILLED CONDITIONALS_NEGATION at internal/domain/wager/accounting.go:111:13
      KILLED INVERT_LOGICAL at internal/domain/wager/accounting.go:114:37
      KILLED CONDITIONALS_NEGATION at internal/domain/wager/accounting.go:114:31
      KILLED CONDITIONALS_NEGATION at internal/domain/wager/accounting.go:114:52
      KILLED CONDITIONALS_NEGATION at internal/domain/wager/accounting.go:130:26
      KILLED CONDITIONALS_NEGATION at internal/domain/wager/accounting.go:131:18
      KILLED INVERT_LOGICAL at internal/domain/wager/accounting.go:134:52
      KILLED INVERT_LOGICAL at internal/domain/wager/accounting.go:134:28
      KILLED CONDITIONALS_NEGATION at internal/domain/wager/accounting.go:134:18
      KILLED CONDITIONALS_NEGATION at internal/domain/wager/accounting.go:134:46
      KILLED CONDITIONALS_BOUNDARY at internal/domain/wager/accounting.go:134:67
      KILLED CONDITIONALS_NEGATION at internal/domain/wager/accounting.go:134:67
      KILLED CONDITIONALS_NEGATION at internal/domain/wager/accounting.go:139:12
      KILLED CONDITIONALS_NEGATION at internal/domain/wager/accounting.go:143:9
      KILLED CONDITIONALS_NEGATION at internal/domain/wager/accounting.go:147:9
      KILLED CONDITIONALS_NEGATION at internal/domain/wager/accounting.go:151:26
      KILLED CONDITIONALS_NEGATION at internal/domain/wager/accounting.go:156:16
      KILLED CONDITIONALS_NEGATION at internal/domain/wager/accounting.go:161:16
      KILLED ARITHMETIC_BASE at internal/domain/wager/errors.go:33:69
      KILLED ARITHMETIC_BASE at internal/domain/wager/errors.go:33:62
      KILLED INVERT_LOGICAL at internal/domain/wager/errors.go:38:12
      KILLED CONDITIONALS_NEGATION at internal/domain/wager/errors.go:38:22
      KILLED INVERT_BITWISE at internal/domain/wager/errors.go:41:62
      KILLED INVERT_BITWISE at internal/domain/wager/errors.go:61:20
      KILLED INVERT_LOGICAL at internal/domain/wager/ledger.go:18:71
      KILLED INVERT_LOGICAL at internal/domain/wager/ledger.go:18:53
      KILLED INVERT_LOGICAL at internal/domain/wager/ledger.go:18:41
      KILLED INVERT_LOGICAL at internal/domain/wager/ledger.go:18:18
      KILLED CONDITIONALS_NEGATION at internal/domain/wager/ledger.go:18:47
      KILLED CONDITIONALS_NEGATION at internal/domain/wager/ledger.go:18:65
      KILLED CONDITIONALS_NEGATION at internal/domain/wager/ledger.go:18:79
      KILLED CONDITIONALS_NEGATION at internal/domain/wager/ledger.go:36:9
      KILLED CONDITIONALS_NEGATION at internal/domain/wager/ledger.go:48:9
      KILLED INVERT_LOGICAL at internal/domain/wager/ledger.go:51:46
      KILLED CONDITIONALS_NEGATION at internal/domain/wager/ledger.go:51:39
      KILLED CONDITIONALS_NEGATION at internal/domain/wager/ledger.go:51:51
      KILLED CONDITIONALS_NEGATION at internal/domain/wager/rules.go:26:14
      KILLED INVERT_LOGICAL at internal/domain/wager/rules.go:28:43
      KILLED INVERT_LOGICAL at internal/domain/wager/rules.go:28:25
      KILLED CONDITIONALS_NEGATION at internal/domain/wager/rules.go:28:14
      KILLED CONDITIONALS_NEGATION at internal/domain/wager/rules.go:28:32
      KILLED CONDITIONALS_NEGATION at internal/domain/wager/rules.go:28:50
      KILLED CONDITIONALS_NEGATION at internal/domain/wager/rules.go:30:14
      KILLED INVERT_LOGICAL at internal/domain/wager/rules.go:38:9
      KILLED CONDITIONALS_NEGATION at internal/domain/wager/rules.go:38:21
      KILLED CONDITIONALS_NEGATION at internal/domain/wager/rules.go:41:7
      KILLED CONDITIONALS_NEGATION at internal/domain/wager/rules.go:48:18
      KILLED CONDITIONALS_NEGATION at internal/domain/wager/rules.go:85:14
      KILLED CONDITIONALS_NEGATION at internal/domain/wager/rules.go:88:39
      KILLED CONDITIONALS_NEGATION at internal/domain/wager/transaction.go:65:8
      KILLED CONDITIONALS_NEGATION at internal/domain/wager/transaction.go:69:54
      KILLED CONDITIONALS_NEGATION at internal/domain/wager/transaction.go:72:50
      KILLED INVERT_LOGICAL at internal/domain/wager/transaction.go:75:25
      KILLED CONDITIONALS_NEGATION at internal/domain/wager/transaction.go:75:50
      KILLED INVERT_LOGICAL at internal/domain/wager/transaction.go:78:47
      KILLED INVERT_LOGICAL at internal/domain/wager/transaction.go:78:26
      KILLED CONDITIONALS_NEGATION at internal/domain/wager/transaction.go:78:36
      KILLED CONDITIONALS_NEGATION at internal/domain/wager/transaction.go:78:72
      KILLED INVERT_BITWISE at internal/domain/wager/transaction.go:81:9
      KILLED INVERT_LOGICAL at internal/domain/wager/transaction.go:91:48
      KILLED INVERT_LOGICAL at internal/domain/wager/transaction.go:91:30
      KILLED INVERT_LOGICAL at internal/domain/wager/transaction.go:91:18
      KILLED CONDITIONALS_NEGATION at internal/domain/wager/transaction.go:91:24
      KILLED CONDITIONALS_NEGATION at internal/domain/wager/transaction.go:91:42
      KILLED CONDITIONALS_NEGATION at internal/domain/wager/transaction.go:91:60
      KILLED INVERT_BITWISE at internal/domain/wager/transaction.go:98:9
      KILLED INVERT_BITWISE at internal/domain/wager/transaction.go:100:58
      KILLED INVERT_LOGICAL at internal/domain/wager/transaction.go:106:57
      KILLED INVERT_LOGICAL at internal/domain/wager/transaction.go:106:36
      KILLED INVERT_LOGICAL at internal/domain/wager/transaction.go:106:16
      KILLED CONDITIONALS_NEGATION at internal/domain/wager/transaction.go:106:10
      KILLED CONDITIONALS_NEGATION at internal/domain/wager/transaction.go:106:30
      KILLED CONDITIONALS_NEGATION at internal/domain/wager/transaction.go:106:80
      KILLED CONDITIONALS_NEGATION at internal/domain/wager/transaction.go:109:34
      KILLED CONDITIONALS_NEGATION at internal/domain/wager/transaction.go:109:15
      KILLED CONDITIONALS_NEGATION at internal/domain/wager/transaction.go:109:45
      KILLED INVERT_LOGICAL at internal/domain/wager/transaction.go:112:32
      KILLED CONDITIONALS_NEGATION at internal/domain/wager/transaction.go:112:14
      KILLED CONDITIONALS_NEGATION at internal/domain/wager/transaction.go:112:44
      KILLED INVERT_LOGICAL at internal/domain/wager/transaction.go:115:105
      KILLED INVERT_LOGICAL at internal/domain/wager/transaction.go:115:70
      KILLED INVERT_LOGICAL at internal/domain/wager/transaction.go:115:46
      KILLED INVERT_LOGICAL at internal/domain/wager/transaction.go:115:22
      KILLED CONDITIONALS_NEGATION at internal/domain/wager/transaction.go:115:16
      KILLED CONDITIONALS_BOUNDARY at internal/domain/wager/transaction.go:115:119
      KILLED CONDITIONALS_NEGATION at internal/domain/wager/transaction.go:115:119
      KILLED CONDITIONALS_NEGATION at internal/domain/wager/transaction.go:118:14
      KILLED CONDITIONALS_NEGATION at internal/domain/wager/transaction.go:119:344
      KILLED INVERT_LOGICAL at internal/domain/wager/transaction.go:122:227
      KILLED INVERT_LOGICAL at internal/domain/wager/transaction.go:122:196
      KILLED INVERT_LOGICAL at internal/domain/wager/transaction.go:122:178
      KILLED INVERT_LOGICAL at internal/domain/wager/transaction.go:122:159
      KILLED INVERT_LOGICAL at internal/domain/wager/transaction.go:122:136
      KILLED INVERT_LOGICAL at internal/domain/wager/transaction.go:122:110
      KILLED INVERT_LOGICAL at internal/domain/wager/transaction.go:122:88
      KILLED INVERT_LOGICAL at internal/domain/wager/transaction.go:122:66
      KILLED INVERT_LOGICAL at internal/domain/wager/transaction.go:122:35
      KILLED CONDITIONALS_NEGATION at internal/domain/wager/transaction.go:122:47
      KILLED CONDITIONALS_NEGATION at internal/domain/wager/transaction.go:122:82
      KILLED CONDITIONALS_NEGATION at internal/domain/wager/transaction.go:122:104
      KILLED CONDITIONALS_NEGATION at internal/domain/wager/transaction.go:122:130
      KILLED CONDITIONALS_NEGATION at internal/domain/wager/transaction.go:122:153
      KILLED CONDITIONALS_NEGATION at internal/domain/wager/transaction.go:122:172
      KILLED CONDITIONALS_NEGATION at internal/domain/wager/transaction.go:122:190
      KILLED CONDITIONALS_NEGATION at internal/domain/wager/transaction.go:122:221
      KILLED CONDITIONALS_NEGATION at internal/domain/wager/transaction.go:122:244
      KILLED INVERT_LOGICAL at internal/domain/wager/transaction.go:125:33
      KILLED CONDITIONALS_NEGATION at internal/domain/wager/transaction.go:125:14
      KILLED INVERT_LOGICAL at internal/domain/wager/transaction.go:125:142
      KILLED INVERT_LOGICAL at internal/domain/wager/transaction.go:125:111
      KILLED INVERT_LOGICAL at internal/domain/wager/transaction.go:125:59
      KILLED CONDITIONALS_NEGATION at internal/domain/wager/transaction.go:125:52
      KILLED CONDITIONALS_NEGATION at internal/domain/wager/transaction.go:125:88
      KILLED CONDITIONALS_NEGATION at internal/domain/wager/transaction.go:125:159
      KILLED INVERT_LOGICAL at internal/domain/wager/transaction.go:128:62
      KILLED INVERT_LOGICAL at internal/domain/wager/transaction.go:128:33
      KILLED CONDITIONALS_NEGATION at internal/domain/wager/transaction.go:128:15
      KILLED CONDITIONALS_NEGATION at internal/domain/wager/transaction.go:128:45
      KILLED CONDITIONALS_NEGATION at internal/domain/wager/transaction.go:128:79
      KILLED INVERT_LOGICAL at internal/domain/wager/transaction.go:131:40
      KILLED CONDITIONALS_NEGATION at internal/domain/wager/transaction.go:131:14
      KILLED INVERT_LOGICAL at internal/domain/wager/transaction.go:131:89
      KILLED INVERT_LOGICAL at internal/domain/wager/transaction.go:131:67
      KILLED CONDITIONALS_NEGATION at internal/domain/wager/transaction.go:131:60
      KILLED CONDITIONALS_NEGATION at internal/domain/wager/transaction.go:131:82
      KILLED CONDITIONALS_NEGATION at internal/domain/wager/transaction.go:131:114
      KILLED INVERT_LOGICAL at internal/domain/wager/transaction.go:136:25
      KILLED CONDITIONALS_NEGATION at internal/domain/wager/transaction.go:136:19
      KILLED INVERT_LOGICAL at internal/domain/wager/transaction.go:136:80
      KILLED INVERT_LOGICAL at internal/domain/wager/transaction.go:136:58
      KILLED CONDITIONALS_NEGATION at internal/domain/wager/transaction.go:136:52
      KILLED CONDITIONALS_NEGATION at internal/domain/wager/transaction.go:136:68
      KILLED CONDITIONALS_NEGATION at internal/domain/wager/transaction.go:136:97
      KILLED INVERT_LOGICAL at internal/domain/wager/transaction.go:139:87
      KILLED INVERT_LOGICAL at internal/domain/wager/transaction.go:139:33
      KILLED CONDITIONALS_NEGATION at internal/domain/wager/transaction.go:139:14
      KILLED INVERT_LOGICAL at internal/domain/wager/transaction.go:139:65
      KILLED CONDITIONALS_NEGATION at internal/domain/wager/transaction.go:139:59
      KILLED CONDITIONALS_NEGATION at internal/domain/wager/transaction.go:139:75
      KILLED CONDITIONALS_NEGATION at internal/domain/wager/transaction.go:139:104
      KILLED INVERT_LOGICAL at internal/domain/wager/transaction.go:142:33
      KILLED CONDITIONALS_NEGATION at internal/domain/wager/transaction.go:142:14
      KILLED CONDITIONALS_NEGATION at internal/domain/wager/transaction.go:142:51
      KILLED INVERT_LOGICAL at internal/domain/wager/transaction.go:145:28
      KILLED CONDITIONALS_NEGATION at internal/domain/wager/transaction.go:145:45
      KILLED INVERT_LOGICAL at internal/domain/wager/transaction.go:148:40
      KILLED CONDITIONALS_NEGATION at internal/domain/wager/transaction.go:148:14
      KILLED CONDITIONALS_NEGATION at internal/domain/wager/transaction.go:148:59
      KILLED INVERT_LOGICAL at internal/domain/wager/transaction.go:151:31
      KILLED CONDITIONALS_NEGATION at internal/domain/wager/transaction.go:151:14
      KILLED INVERT_LOGICAL at internal/domain/wager/transaction.go:151:51
      KILLED CONDITIONALS_NEGATION at internal/domain/wager/transaction.go:151:46
      KILLED CONDITIONALS_NEGATION at internal/domain/wager/transaction.go:151:66
      KILLED INVERT_LOGICAL at internal/domain/wager/transaction.go:154:40
      KILLED CONDITIONALS_NEGATION at internal/domain/wager/transaction.go:154:14
      KILLED INVERT_LOGICAL at internal/domain/wager/transaction.go:154:60
      KILLED CONDITIONALS_NEGATION at internal/domain/wager/transaction.go:154:55
      KILLED INVERT_LOGICAL at internal/domain/wager/transaction.go:157:46
      KILLED CONDITIONALS_NEGATION at internal/domain/wager/transaction.go:157:22
      KILLED CONDITIONALS_BOUNDARY at internal/domain/wager/transaction.go:157:17
      KILLED CONDITIONALS_NEGATION at internal/domain/wager/transaction.go:157:17
      KILLED CONDITIONALS_NEGATION at internal/domain/wager/transaction.go:157:38
      KILLED INVERT_LOGICAL at internal/domain/wager/transaction.go:157:69
      KILLED CONDITIONALS_NEGATION at internal/domain/wager/transaction.go:157:62
      KILLED INVERT_LOGICAL at internal/domain/wager/transaction.go:157:105
      KILLED CONDITIONALS_NEGATION at internal/domain/wager/transaction.go:157:130
      KILLED INVERT_LOGICAL at internal/domain/wager/transaction.go:160:27
      KILLED CONDITIONALS_NEGATION at internal/domain/wager/transaction.go:160:12
      KILLED INVERT_LOGICAL at internal/domain/wager/transaction.go:160:99
      KILLED INVERT_LOGICAL at internal/domain/wager/transaction.go:160:53
      KILLED CONDITIONALS_NEGATION at internal/domain/wager/transaction.go:160:46
      KILLED CONDITIONALS_NEGATION at internal/domain/wager/transaction.go:160:79
      KILLED CONDITIONALS_NEGATION at internal/domain/wager/transaction.go:160:113
      KILLED INVERT_BITWISE at internal/domain/wager/transaction.go:163:9
      KILLED INVERT_LOGICAL at internal/domain/wager/transaction.go:192:28
      KILLED INVERT_LOGICAL at internal/domain/wager/transaction.go:192:14
      KILLED CONDITIONALS_NEGATION at internal/domain/wager/transaction.go:192:7
      KILLED CONDITIONALS_NEGATION at internal/domain/wager/transaction.go:192:22
      KILLED CONDITIONALS_NEGATION at internal/domain/wager/transaction.go:203:32
      KILLED INVERT_LOGICAL at internal/domain/wager/transaction.go:206:88
      KILLED INVERT_LOGICAL at internal/domain/wager/transaction.go:206:34
      KILLED INVERT_LOGICAL at internal/domain/wager/transaction.go:206:17
      KILLED CONDITIONALS_NEGATION at internal/domain/wager/transaction.go:206:11
      KILLED CONDITIONALS_NEGATION at internal/domain/wager/transaction.go:206:26
      KILLED INVERT_LOGICAL at internal/domain/wager/transaction.go:206:66
      KILLED CONDITIONALS_NEGATION at internal/domain/wager/transaction.go:206:60
      KILLED CONDITIONALS_NEGATION at internal/domain/wager/transaction.go:206:76
      KILLED INVERT_LOGICAL at internal/domain/wager/transaction.go:206:112
      KILLED CONDITIONALS_NEGATION at internal/domain/wager/transaction.go:206:106
      KILLED CONDITIONALS_NEGATION at internal/domain/wager/transaction.go:206:129
      KILLED CONDITIONALS_NEGATION at internal/domain/wager/transaction.go:215:32
      KILLED INVERT_LOGICAL at internal/domain/wager/transaction.go:218:84
      KILLED INVERT_LOGICAL at internal/domain/wager/transaction.go:218:72
      KILLED INVERT_LOGICAL at internal/domain/wager/transaction.go:218:45
      KILLED INVERT_LOGICAL at internal/domain/wager/transaction.go:218:18
      KILLED CONDITIONALS_BOUNDARY at internal/domain/wager/transaction.go:218:79
      KILLED CONDITIONALS_NEGATION at internal/domain/wager/transaction.go:218:79
      KILLED CONDITIONALS_NEGATION at internal/domain/wager/transaction.go:218:98
      KILLED CONDITIONALS_NEGATION at internal/domain/wager/transaction.go:221:27
      KILLED INCREMENT_DECREMENT at internal/domain/wager/transaction.go:225:12
      KILLED CONDITIONALS_NEGATION at internal/domain/wager/transaction.go:226:17
      KILLED INVERT_BITWISE at internal/domain/wager/transaction.go:228:17
      KILLED INVERT_BITWISE at internal/domain/wager/transaction.go:230:20
      KILLED INVERT_LOGICAL at internal/domain/wager/transaction.go:236:28
      KILLED CONDITIONALS_NEGATION at internal/domain/wager/transaction.go:236:21
      KILLED INVERT_LOGICAL at internal/domain/wager/transaction.go:241:18
      KILLED INVERT_LOGICAL at internal/domain/wager/transaction.go:241:31
      KILLED CONDITIONALS_NEGATION at internal/domain/wager/transaction.go:241:24
      KILLED CONDITIONALS_NEGATION at internal/domain/wager/transaction.go:244:32
      KILLED INVERT_LOGICAL at internal/domain/wager/transaction.go:247:56
      KILLED INVERT_LOGICAL at internal/domain/wager/transaction.go:247:34
      KILLED CONDITIONALS_NEGATION at internal/domain/wager/transaction.go:247:28
      KILLED CONDITIONALS_NEGATION at internal/domain/wager/transaction.go:247:44
      KILLED CONDITIONALS_NEGATION at internal/domain/wager/transaction.go:247:73
      KILLED INVERT_LOGICAL at internal/domain/wager/transaction.go:250:52
      KILLED CONDITIONALS_NEGATION at internal/domain/wager/transaction.go:250:29
      KILLED INVERT_BITWISE at internal/domain/wager/transaction.go:253:76
      KILLED INVERT_LOGICAL at internal/domain/wager/transaction.go:258:18
      KILLED INVERT_LOGICAL at internal/domain/wager/transaction.go:258:31
      KILLED CONDITIONALS_NEGATION at internal/domain/wager/transaction.go:258:24
      KILLED CONDITIONALS_NEGATION at internal/domain/wager/transaction.go:261:32
      KILLED CONDITIONALS_NEGATION at internal/domain/wager/transaction.go:264:10
      KILLED INVERT_LOGICAL at internal/domain/wager/transaction.go:273:18
      KILLED INVERT_LOGICAL at internal/domain/wager/transaction.go:273:31
      KILLED CONDITIONALS_NEGATION at internal/domain/wager/transaction.go:273:24
      KILLED CONDITIONALS_NEGATION at internal/domain/wager/transaction.go:276:32
      KILLED CONDITIONALS_NEGATION at internal/domain/wager/transaction.go:279:10
      KILLED CONDITIONALS_NEGATION at internal/domain/wager/transaction.go:287:7
      KILLED INVERT_BITWISE at internal/domain/wager/transaction.go:291:9
      KILLED CONDITIONALS_NEGATION at internal/domain/wager/transaction.go:294:7
      KILLED INVERT_BITWISE at internal/domain/wager/transaction.go:298:9
      KILLED INVERT_LOGICAL at internal/domain/wager/types.go:26:58
      KILLED CONDITIONALS_NEGATION at internal/domain/wager/types.go:26:44
      KILLED CONDITIONALS_NEGATION at internal/domain/wager/types.go:26:63
      KILLED INVERT_LOGICAL at internal/domain/wager/types.go:39:53
      KILLED INVERT_LOGICAL at internal/domain/wager/types.go:39:30
      KILLED CONDITIONALS_NEGATION at internal/domain/wager/types.go:39:11
      KILLED CONDITIONALS_NEGATION at internal/domain/wager/types.go:39:35
      KILLED CONDITIONALS_NEGATION at internal/domain/wager/types.go:39:58
      KILLED INVERT_LOGICAL at internal/domain/wallet/wallet.go:35:76
      KILLED INVERT_LOGICAL at internal/domain/wallet/wallet.go:35:48
      KILLED INVERT_LOGICAL at internal/domain/wallet/wallet.go:35:30
      KILLED INVERT_LOGICAL at internal/domain/wallet/wallet.go:35:18
      KILLED CONDITIONALS_NEGATION at internal/domain/wallet/wallet.go:35:24
      KILLED CONDITIONALS_NEGATION at internal/domain/wallet/wallet.go:35:42
      KILLED CONDITIONALS_NEGATION at internal/domain/wallet/wallet.go:35:70
      KILLED INVERT_BITWISE at internal/domain/wallet/wallet.go:38:9
      KILLED INVERT_LOGICAL at internal/domain/wallet/wallet.go:43:151
      KILLED INVERT_LOGICAL at internal/domain/wallet/wallet.go:43:125
      KILLED INVERT_LOGICAL at internal/domain/wallet/wallet.go:43:95
      KILLED INVERT_LOGICAL at internal/domain/wallet/wallet.go:43:75
      KILLED INVERT_LOGICAL at internal/domain/wallet/wallet.go:43:61
      KILLED INVERT_LOGICAL at internal/domain/wallet/wallet.go:43:26
      KILLED CONDITIONALS_NEGATION at internal/domain/wallet/wallet.go:43:69
      KILLED CONDITIONALS_NEGATION at internal/domain/wallet/wallet.go:43:89
      KILLED CONDITIONALS_NEGATION at internal/domain/wallet/wallet.go:43:119
      KILLED CONDITIONALS_BOUNDARY at internal/domain/wallet/wallet.go:43:164
      KILLED CONDITIONALS_NEGATION at internal/domain/wallet/wallet.go:43:164
      KILLED INVERT_BITWISE at internal/domain/wallet/wallet.go:46:9
      KILLED INVERT_LOGICAL at internal/domain/wallet/wallet.go:59:45
      KILLED INVERT_LOGICAL at internal/domain/wallet/wallet.go:59:28
      KILLED INVERT_LOGICAL at internal/domain/wallet/wallet.go:59:14
      KILLED CONDITIONALS_NEGATION at internal/domain/wallet/wallet.go:59:7
      KILLED CONDITIONALS_NEGATION at internal/domain/wallet/wallet.go:59:22
      KILLED CONDITIONALS_BOUNDARY at internal/domain/wallet/wallet.go:59:41
      KILLED CONDITIONALS_NEGATION at internal/domain/wallet/wallet.go:59:41
      KILLED CONDITIONALS_NEGATION at internal/domain/wallet/wallet.go:59:69
      KILLED CONDITIONALS_NEGATION at internal/domain/wallet/wallet.go:62:15
      KILLED CONDITIONALS_NEGATION at internal/domain/wallet/wallet.go:65:18
      KILLED CONDITIONALS_NEGATION at internal/domain/wallet/wallet.go:68:18
      KILLED CONDITIONALS_NEGATION at internal/domain/wallet/wallet.go:79:27
      KILLED INVERT_LOGICAL at internal/domain/wallet/wallet.go:82:18
      KILLED CONDITIONALS_BOUNDARY at internal/domain/wallet/wallet.go:88:20
      KILLED CONDITIONALS_NEGATION at internal/domain/wallet/wallet.go:88:20
      KILLED CONDITIONALS_NEGATION at internal/domain/wallet/wallet.go:99:27
      KILLED INVERT_LOGICAL at internal/domain/wallet/wallet.go:102:18
      KILLED CONDITIONALS_NEGATION at internal/domain/wallet/wallet.go:106:40
      KILLED INCREMENT_DECREMENT at internal/domain/wallet/wallet.go:116:11
      KILLED ARITHMETIC_BASE at internal/infra/auth/middleware.go:20:43
      KILLED ARITHMETIC_BASE at internal/infra/auth/middleware.go:20:36
      KILLED INVERT_LOGICAL at internal/infra/auth/middleware.go:27:10
      KILLED CONDITIONALS_NEGATION at internal/infra/auth/middleware.go:27:17
      KILLED CONDITIONALS_NEGATION at internal/infra/auth/middleware.go:32:10
      KILLED INVERT_LOGICAL at internal/infra/auth/middleware.go:48:47
      KILLED INVERT_LOGICAL at internal/infra/auth/middleware.go:59:47
      KILLED CONDITIONALS_NEGATION at internal/infra/auth/middleware.go:59:63
      KILLED INVERT_LOGICAL at internal/infra/auth/middleware.go:70:47
      KILLED INVERT_LOGICAL at internal/infra/auth/middleware.go:70:70
      KILLED CONDITIONALS_NEGATION at internal/infra/auth/middleware.go:70:64
      KILLED INVERT_BITWISE at internal/infra/auth/verifier.go:44:7
      KILLED INVERT_BITWISE at internal/infra/auth/verifier.go:45:11
      KILLED ARITHMETIC_BASE at internal/infra/auth/verifier.go:45:35
      KILLED CONDITIONALS_NEGATION at internal/infra/auth/verifier.go:48:10
      KILLED CONDITIONALS_BOUNDARY at internal/infra/auth/verifier.go:64:37
      KILLED CONDITIONALS_NEGATION at internal/infra/auth/verifier.go:64:37
      KILLED INVERT_LOGICAL at internal/infra/auth/verifier.go:67:12
      KILLED ARITHMETIC_BASE at internal/infra/auth/verifier.go:70:43
      KILLED CONDITIONALS_NEGATION at internal/infra/auth/verifier.go:74:9
      KILLED CONDITIONALS_NEGATION at internal/infra/auth/verifier.go:77:10
      KILLED CONDITIONALS_NEGATION at internal/infra/auth/verifier.go:79:22
      KILLED INVERT_BITWISE at internal/infra/auth/verifier.go:83:54
      KILLED CONDITIONALS_NEGATION at internal/infra/auth/verifier.go:84:12
      KILLED CONDITIONALS_NEGATION at internal/infra/auth/verifier.go:87:12
      KILLED INVERT_LOGICAL at internal/infra/auth/verifier.go:90:20
      KILLED CONDITIONALS_NEGATION at internal/infra/auth/verifier.go:90:13
      KILLED CONDITIONALS_NEGATION at internal/infra/auth/verifier.go:90:33
      KILLED CONDITIONALS_NEGATION at internal/infra/auth/verifier.go:97:9
      KILLED CONDITIONALS_NEGATION at internal/infra/auth/verifier.go:104:9
      KILLED CONDITIONALS_NEGATION at internal/infra/auth/verifier.go:112:27
      KILLED INVERT_LOGICAL at internal/infra/auth/verifier.go:116:9
      KILLED CONDITIONALS_NEGATION at internal/infra/auth/verifier.go:116:16
      KILLED INVERT_LOGICAL at internal/infra/auth/verifier.go:122:15
      KILLED CONDITIONALS_NEGATION at internal/infra/auth/verifier.go:122:8
      KILLED CONDITIONALS_BOUNDARY at internal/infra/auth/verifier.go:122:39
      KILLED CONDITIONALS_NEGATION at internal/infra/auth/verifier.go:122:39
      KILLED CONDITIONALS_NEGATION at internal/infra/auth/verifier.go:128:39
      KILLED INVERT_LOGICAL at internal/infra/auth/verifier.go:134:15
      KILLED CONDITIONALS_NEGATION at internal/infra/auth/verifier.go:134:8
      KILLED CONDITIONALS_BOUNDARY at internal/infra/auth/verifier.go:134:39
      KILLED CONDITIONALS_NEGATION at internal/infra/auth/verifier.go:134:39
      KILLED ARITHMETIC_BASE at internal/infra/auth/verifier.go:141:43
      KILLED CONDITIONALS_NEGATION at internal/infra/auth/verifier.go:146:9
      KILLED CONDITIONALS_NEGATION at internal/infra/auth/verifier.go:153:9
      KILLED CONDITIONALS_NEGATION at internal/infra/auth/verifier.go:159:20
      KILLED CONDITIONALS_NEGATION at internal/infra/config/config.go:30:8
      KILLED CONDITIONALS_NEGATION at internal/infra/config/config.go:38:28
      KILLED CONDITIONALS_NEGATION at internal/infra/config/config.go:47:9
      KILLED INVERT_LOGICAL at internal/infra/config/config.go:67:23
      KILLED CONDITIONALS_BOUNDARY at internal/infra/config/config.go:67:7
      KILLED CONDITIONALS_NEGATION at internal/infra/config/config.go:67:7
      KILLED ARITHMETIC_BASE at internal/infra/config/config.go:67:10
      KILLED CONDITIONALS_BOUNDARY at internal/infra/config/config.go:67:28
      KILLED CONDITIONALS_NEGATION at internal/infra/config/config.go:67:28
      KILLED ARITHMETIC_BASE at internal/infra/config/config.go:67:32
      KILLED CONDITIONALS_NEGATION at internal/infra/config/config.go:81:8
      KILLED INVERT_BITWISE at internal/infra/postgres/accounting_repo.go:18:143
      KILLED INVERT_BITWISE at internal/infra/postgres/accounting_repo.go:18:153
      KILLED CONDITIONALS_NEGATION at internal/infra/postgres/accounting_repo.go:19:9
      KILLED INVERT_LOGICAL at internal/infra/postgres/accounting_repo.go:23:26
      KILLED CONDITIONALS_NEGATION at internal/infra/postgres/accounting_repo.go:23:20
      KILLED CONDITIONALS_NEGATION at internal/infra/postgres/accounting_repo.go:23:36
      KILLED CONDITIONALS_NEGATION at internal/infra/postgres/accounting_repo.go:27:27
      KILLED CONDITIONALS_NEGATION at internal/infra/postgres/accounting_repo.go:32:19
      KILLED ARITHMETIC_BASE at internal/infra/postgres/accounting_repo.go:33:45
      KILLED ARITHMETIC_BASE at internal/infra/postgres/accounting_repo.go:33:38
      KILLED CONDITIONALS_NEGATION at internal/infra/postgres/accounting_repo.go:34:8
      KILLED CONDITIONALS_NEGATION at internal/infra/postgres/accounting_repo.go:39:11
      KILLED INVERT_LOOPCTRL at internal/infra/postgres/accounting_repo.go:40:5
      KILLED INCREMENT_DECREMENT at internal/infra/postgres/accounting_repo.go:42:25
      KILLED CONDITIONALS_NEGATION at internal/infra/postgres/accounting_repo.go:44:10
      KILLED CONDITIONALS_NEGATION at internal/infra/postgres/accounting_repo.go:49:9
      KILLED CONDITIONALS_NEGATION at internal/infra/postgres/accounting_repo.go:52:15
      KILLED INVERT_BITWISE at internal/infra/postgres/accounting_repo.go:54:17
      KILLED INVERT_BITWISE at internal/infra/postgres/accounting_repo.go:55:143
      KILLED INVERT_BITWISE at internal/infra/postgres/accounting_repo.go:55:153
      KILLED CONDITIONALS_NEGATION at internal/infra/postgres/accounting_repo.go:56:10
      KILLED CONDITIONALS_NEGATION at internal/infra/postgres/accounting_repo.go:60:13
      KILLED INVERT_BITWISE at internal/infra/postgres/accounting_repo.go:61:94
      KILLED CONDITIONALS_NEGATION at internal/infra/postgres/accounting_repo.go:61:113
      KILLED CONDITIONALS_NEGATION at internal/infra/postgres/accounting_repo.go:64:116
      KILLED CONDITIONALS_NEGATION at internal/infra/postgres/accounting_repo.go:68:128
      KILLED CONDITIONALS_NEGATION at internal/infra/postgres/accounting_repo.go:73:8
      KILLED CONDITIONALS_NEGATION at internal/infra/postgres/accounting_repo.go:76:11
      KILLED CONDITIONALS_NEGATION at internal/infra/postgres/accounting_repo.go:82:15
      KILLED CONDITIONALS_NEGATION at internal/infra/postgres/accounting_repo.go:87:9
      KILLED INVERT_BITWISE at internal/infra/postgres/accounting_repo.go:90:121
      KILLED INVERT_BITWISE at internal/infra/postgres/accounting_repo.go:90:138
      KILLED INVERT_LOGICAL at internal/infra/postgres/accounting_repo.go:91:16
      KILLED CONDITIONALS_NEGATION at internal/infra/postgres/accounting_repo.go:91:9
      KILLED CONDITIONALS_NEGATION at internal/infra/postgres/accounting_repo.go:96:29
      KILLED INVERT_BITWISE at internal/infra/postgres/accounting_repo.go:97:102
      KILLED INVERT_LOGICAL at internal/infra/postgres/accounting_repo.go:98:17
      KILLED CONDITIONALS_NEGATION at internal/infra/postgres/accounting_repo.go:98:10
      KILLED CONDITIONALS_NEGATION at internal/infra/postgres/accounting_repo.go:102:8
      KILLED INVERT_BITWISE at internal/infra/postgres/accounting_repo.go:108:21
      KILLED INVERT_BITWISE at internal/infra/postgres/accounting_repo.go:108:40
      KILLED INVERT_BITWISE at internal/infra/postgres/accounting_repo.go:108:63
      KILLED CONDITIONALS_NEGATION at internal/infra/postgres/accounting_repo.go:108:83
      KILLED CONDITIONALS_NEGATION at internal/infra/postgres/accounting_repo.go:113:28
      KILLED INVERT_LOGICAL at internal/infra/postgres/accounting_repo.go:123:21
      KILLED CONDITIONALS_NEGATION at internal/infra/postgres/accounting_repo.go:123:28
      KILLED INVERT_BITWISE at internal/infra/postgres/accounting_repo.go:124:209
      KILLED CONDITIONALS_NEGATION at internal/infra/postgres/accounting_repo.go:124:220
      KILLED CONDITIONALS_NEGATION at internal/infra/postgres/accounting_repo.go:128:117
      KILLED CONDITIONALS_NEGATION at internal/infra/postgres/accounting_repo.go:131:50
      KILLED CONDITIONALS_NEGATION at internal/infra/postgres/accounting_repo.go:134:26
      KILLED CONDITIONALS_NEGATION at internal/infra/postgres/accounting_repo.go:138:26
      KILLED INVERT_BITWISE at internal/infra/postgres/accounting_repo.go:142:132
      KILLED CONDITIONALS_NEGATION at internal/infra/postgres/accounting_repo.go:142:149
      KILLED CONDITIONALS_NEGATION at internal/infra/postgres/accounting_repo.go:146:261
      KILLED CONDITIONALS_NEGATION at internal/infra/postgres/accounting_repo.go:150:27
      KILLED CONDITIONALS_NEGATION at internal/infra/postgres/accounting_repo.go:151:134
      KILLED CONDITIONALS_NEGATION at internal/infra/postgres/accounting_repo.go:155:24
      KILLED CONDITIONALS_NEGATION at internal/infra/postgres/accounting_repo.go:156:130
      KILLED CONDITIONALS_NEGATION at internal/infra/postgres/accounting_repo.go:161:230
      KILLED CONDITIONALS_NEGATION at internal/infra/postgres/accounting_repo.go:164:175
      KILLED CONDITIONALS_NEGATION at internal/infra/postgres/inbox_outbox_repo.go:14:9
      KILLED INVERT_BITWISE at internal/infra/postgres/inbox_outbox_repo.go:19:146
      KILLED INVERT_BITWISE at internal/infra/postgres/inbox_outbox_repo.go:19:153
      KILLED CONDITIONALS_NEGATION at internal/infra/postgres/inbox_outbox_repo.go:20:9
      KILLED CONDITIONALS_NEGATION at internal/infra/postgres/inbox_outbox_repo.go:23:7
      KILLED CONDITIONALS_NEGATION at internal/infra/postgres/inbox_outbox_repo.go:26:15
      KILLED CONDITIONALS_NEGATION at internal/infra/postgres/inbox_outbox_repo.go:44:9
      KILLED INVERT_BITWISE at internal/infra/postgres/inbox_outbox_repo.go:54:22
      KILLED INVERT_BITWISE at internal/infra/postgres/inbox_outbox_repo.go:54:27
      KILLED INVERT_BITWISE at internal/infra/postgres/inbox_outbox_repo.go:54:39
      KILLED INVERT_BITWISE at internal/infra/postgres/inbox_outbox_repo.go:54:45
      KILLED INVERT_BITWISE at internal/infra/postgres/inbox_outbox_repo.go:54:55
      KILLED INVERT_BITWISE at internal/infra/postgres/inbox_outbox_repo.go:54:66
      KILLED CONDITIONALS_NEGATION at internal/infra/postgres/inbox_outbox_repo.go:54:82
      KILLED CONDITIONALS_NEGATION at internal/infra/postgres/inbox_outbox_repo.go:58:10
      KILLED INVERT_BITWISE at internal/infra/postgres/inbox_outbox_repo.go:76:105
      KILLED INVERT_LOGICAL at internal/infra/postgres/ledger_repo.go:24:15
      KILLED CONDITIONALS_BOUNDARY at internal/infra/postgres/ledger_repo.go:24:11
      KILLED CONDITIONALS_NEGATION at internal/infra/postgres/ledger_repo.go:24:11
      KILLED CONDITIONALS_BOUNDARY at internal/infra/postgres/ledger_repo.go:24:24
      KILLED CONDITIONALS_NEGATION at internal/infra/postgres/ledger_repo.go:24:24
      KILLED CONDITIONALS_NEGATION at internal/infra/postgres/ledger_repo.go:27:12
      KILLED CONDITIONALS_NEGATION at internal/infra/postgres/ledger_repo.go:29:8
      KILLED INVERT_LOGICAL at internal/infra/postgres/ledger_repo.go:33:22
      KILLED CONDITIONALS_NEGATION at internal/infra/postgres/ledger_repo.go:33:17
      KILLED CONDITIONALS_NEGATION at internal/infra/postgres/ledger_repo.go:33:34
      KILLED INVERT_LOGICAL at internal/infra/postgres/ledger_repo.go:37:15
      KILLED CONDITIONALS_NEGATION at internal/infra/postgres/ledger_repo.go:37:8
      KILLED CONDITIONALS_BOUNDARY at internal/infra/postgres/ledger_repo.go:37:22
      KILLED CONDITIONALS_NEGATION at internal/infra/postgres/ledger_repo.go:37:22
      KILLED ARITHMETIC_BASE at internal/infra/postgres/ledger_repo.go:41:250
      KILLED CONDITIONALS_NEGATION at internal/infra/postgres/ledger_repo.go:42:9
      KILLED INVERT_BITWISE at internal/infra/postgres/ledger_repo.go:52:22
      KILLED INVERT_BITWISE at internal/infra/postgres/ledger_repo.go:52:27
      KILLED INVERT_BITWISE at internal/infra/postgres/ledger_repo.go:52:32
      KILLED INVERT_BITWISE at internal/infra/postgres/ledger_repo.go:52:38
      KILLED INVERT_BITWISE at internal/infra/postgres/ledger_repo.go:52:47
      KILLED INVERT_BITWISE at internal/infra/postgres/ledger_repo.go:52:53
      KILLED INVERT_BITWISE at internal/infra/postgres/ledger_repo.go:52:62
      KILLED INVERT_BITWISE at internal/infra/postgres/ledger_repo.go:52:70
      KILLED INVERT_BITWISE at internal/infra/postgres/ledger_repo.go:52:75
      KILLED CONDITIONALS_NEGATION at internal/infra/postgres/ledger_repo.go:52:84
      KILLED CONDITIONALS_NEGATION at internal/infra/postgres/ledger_repo.go:55:23
      KILLED ARITHMETIC_BASE at internal/infra/postgres/ledger_repo.go:56:73
      KILLED ARITHMETIC_BASE at internal/infra/postgres/ledger_repo.go:56:67
      KILLED CONDITIONALS_NEGATION at internal/infra/postgres/ledger_repo.go:62:8
      KILLED CONDITIONALS_NEGATION at internal/infra/postgres/ledger_repo.go:66:8
      KILLED CONDITIONALS_NEGATION at internal/infra/postgres/ledger_repo.go:70:8
      KILLED CONDITIONALS_NEGATION at internal/infra/postgres/ledger_repo.go:74:8
      KILLED INVERT_BITWISE at internal/infra/postgres/ledger_repo.go:86:282
      KILLED INVERT_BITWISE at internal/infra/postgres/ledger_repo.go:86:288
      KILLED INVERT_BITWISE at internal/infra/postgres/ledger_repo.go:86:296
      KILLED CONDITIONALS_NEGATION at internal/infra/postgres/ledger_repo.go:87:9
      KILLED CONDITIONALS_NEGATION at internal/infra/postgres/ledger_repo.go:91:9
      KILLED CONDITIONALS_NEGATION at internal/infra/postgres/module.go:25:9
      KILLED CONDITIONALS_NEGATION at internal/infra/postgres/module.go:31:9
      KILLED CONDITIONALS_NEGATION at internal/infra/postgres/module.go:37:11
      KILLED INVERT_BITWISE at internal/infra/postgres/module.go:51:59
      KILLED ARITHMETIC_BASE at internal/infra/postgres/module.go:54:43
      KILLED INVERT_ASSIGNMENTS at internal/infra/postgres/settlement_audit_repo.go:19:9
      KILLED REMOVE_SELF_ASSIGNMENTS at internal/infra/postgres/settlement_audit_repo.go:19:9
      KILLED INVERT_BITWISE at internal/infra/postgres/settlement_audit_repo.go:22:43
      KILLED INVERT_BITWISE at internal/infra/postgres/settlement_audit_repo.go:22:50
      KILLED INVERT_BITWISE at internal/infra/postgres/settlement_audit_repo.go:22:60
      KILLED INVERT_BITWISE at internal/infra/postgres/settlement_audit_repo.go:22:73
      KILLED INVERT_BITWISE at internal/infra/postgres/settlement_audit_repo.go:22:82
      KILLED CONDITIONALS_NEGATION at internal/infra/postgres/settlement_audit_repo.go:31:9
      KILLED CONDITIONALS_NEGATION at internal/infra/postgres/settlement_audit_repo.go:36:9
      KILLED INVERT_BITWISE at internal/infra/postgres/settlement_audit_repo.go:43:22
      KILLED INVERT_BITWISE at internal/infra/postgres/settlement_audit_repo.go:43:29
      KILLED INVERT_BITWISE at internal/infra/postgres/settlement_audit_repo.go:43:42
      KILLED INVERT_BITWISE at internal/infra/postgres/settlement_audit_repo.go:43:58
      KILLED INVERT_BITWISE at internal/infra/postgres/settlement_audit_repo.go:43:69
      KILLED INVERT_BITWISE at internal/infra/postgres/settlement_audit_repo.go:43:73
      KILLED CONDITIONALS_NEGATION at internal/infra/postgres/settlement_audit_repo.go:43:84
      KILLED INVERT_LOOPCTRL at internal/infra/postgres/settlement_audit_repo.go:44:4
      KILLED CONDITIONALS_NEGATION at internal/infra/postgres/settlement_audit_repo.go:47:10
      KILLED INVERT_LOOPCTRL at internal/infra/postgres/settlement_audit_repo.go:48:4
      KILLED CONDITIONALS_NEGATION at internal/infra/postgres/settlement_audit_repo.go:52:9
      KILLED CONDITIONALS_NEGATION at internal/infra/postgres/settlement_audit_repo.go:56:9
      KILLED CONDITIONALS_NEGATION at internal/infra/postgres/settlement_audit_repo.go:61:9
      KILLED INVERT_BITWISE at internal/infra/postgres/settlement_audit_repo.go:69:22
      KILLED INVERT_BITWISE at internal/infra/postgres/settlement_audit_repo.go:69:29
      KILLED INVERT_BITWISE at internal/infra/postgres/settlement_audit_repo.go:69:43
      KILLED INVERT_BITWISE at internal/infra/postgres/settlement_audit_repo.go:69:61
      KILLED INVERT_BITWISE at internal/infra/postgres/settlement_audit_repo.go:69:75
      KILLED INVERT_BITWISE at internal/infra/postgres/settlement_audit_repo.go:69:88
      KILLED INVERT_BITWISE at internal/infra/postgres/settlement_audit_repo.go:69:97
      KILLED INVERT_BITWISE at internal/infra/postgres/settlement_audit_repo.go:69:111
      KILLED INVERT_BITWISE at internal/infra/postgres/settlement_audit_repo.go:69:115
      KILLED INVERT_BITWISE at internal/infra/postgres/settlement_audit_repo.go:69:121
      KILLED INVERT_BITWISE at internal/infra/postgres/settlement_audit_repo.go:69:130
      KILLED INVERT_BITWISE at internal/infra/postgres/settlement_audit_repo.go:69:138
      KILLED INVERT_BITWISE at internal/infra/postgres/settlement_audit_repo.go:69:150
      KILLED INVERT_BITWISE at internal/infra/postgres/settlement_audit_repo.go:69:163
      KILLED INVERT_BITWISE at internal/infra/postgres/settlement_audit_repo.go:69:176
      KILLED CONDITIONALS_NEGATION at internal/infra/postgres/settlement_audit_repo.go:69:195
      KILLED CONDITIONALS_NEGATION at internal/infra/postgres/settlement_audit_repo.go:73:10
      KILLED CONDITIONALS_NEGATION at internal/infra/postgres/settlement_audit_repo.go:77:10
      KILLED CONDITIONALS_NEGATION at internal/infra/postgres/settlement_audit_repo.go:81:10
      KILLED CONDITIONALS_NEGATION at internal/infra/postgres/settlement_audit_repo.go:91:9
      KILLED CONDITIONALS_NEGATION at internal/infra/postgres/settlement_audit_repo.go:95:14
      KILLED CONDITIONALS_NEGATION at internal/infra/postgres/settlement_audit_repo.go:98:43
      KILLED CONDITIONALS_NEGATION at internal/infra/postgres/settlement_audit_repo.go:101:115
      KILLED CONDITIONALS_NEGATION at internal/infra/postgres/settlement_audit_repo.go:104:189
      KILLED CONDITIONALS_NEGATION at internal/infra/postgres/settlement_audit_repo.go:108:9
      KILLED CONDITIONALS_NEGATION at internal/infra/postgres/settlement_audit_repo.go:113:8
      KILLED INVERT_LOOPCTRL at internal/infra/postgres/settlement_audit_repo.go:115:4
      KILLED CONDITIONALS_NEGATION at internal/infra/postgres/settlement_audit_repo.go:119:9
      KILLED CONDITIONALS_NEGATION at internal/infra/postgres/settlement_audit_repo.go:123:9
      KILLED ARITHMETIC_BASE at internal/infra/postgres/settlement_audit_repo.go:126:45
      KILLED ARITHMETIC_BASE at internal/infra/postgres/settlement_audit_repo.go:126:38
      KILLED CONDITIONALS_NEGATION at internal/infra/postgres/settlement_audit_repo.go:127:9
      KILLED CONDITIONALS_NEGATION at internal/infra/postgres/settlement_audit_repo.go:132:8
      KILLED INVERT_LOOPCTRL at internal/infra/postgres/settlement_audit_repo.go:134:4
      KILLED CONDITIONALS_NEGATION at internal/infra/postgres/settlement_audit_repo.go:138:9
      KILLED CONDITIONALS_NEGATION at internal/infra/postgres/settlement_audit_repo.go:142:9
      KILLED CONDITIONALS_NEGATION at internal/infra/postgres/settlement_audit_repo.go:146:9
      KILLED INVERT_BITWISE at internal/infra/postgres/settlement_audit_repo.go:154:22
      KILLED INVERT_BITWISE at internal/infra/postgres/settlement_audit_repo.go:154:41
      KILLED INVERT_BITWISE at internal/infra/postgres/settlement_audit_repo.go:154:61
      KILLED INVERT_BITWISE at internal/infra/postgres/settlement_audit_repo.go:154:65
      KILLED CONDITIONALS_NEGATION at internal/infra/postgres/settlement_audit_repo.go:154:76
      KILLED CONDITIONALS_NEGATION at internal/infra/postgres/settlement_audit_repo.go:158:10
      KILLED CONDITIONALS_NEGATION at internal/infra/postgres/settlement_repo.go:21:9
      KILLED CONDITIONALS_NEGATION at internal/infra/postgres/settlement_repo.go:25:9
      KILLED INVERT_LOGICAL at internal/infra/postgres/settlement_repo.go:28:90
      KILLED INVERT_LOGICAL at internal/infra/postgres/settlement_repo.go:28:64
      KILLED INVERT_LOGICAL at internal/infra/postgres/settlement_repo.go:28:36
      KILLED CONDITIONALS_NEGATION at internal/infra/postgres/settlement_repo.go:28:20
      KILLED CONDITIONALS_NEGATION at internal/infra/postgres/settlement_repo.go:28:51
      KILLED CONDITIONALS_NEGATION at internal/infra/postgres/settlement_repo.go:28:78
      KILLED CONDITIONALS_NEGATION at internal/infra/postgres/settlement_repo.go:28:106
      KILLED INVERT_BITWISE at internal/infra/postgres/settlement_repo.go:35:144
      KILLED INVERT_BITWISE at internal/infra/postgres/settlement_repo.go:35:151
      KILLED INVERT_BITWISE at internal/infra/postgres/settlement_repo.go:35:166
      KILLED INVERT_BITWISE at internal/infra/postgres/settlement_repo.go:35:178
      KILLED INVERT_BITWISE at internal/infra/postgres/settlement_repo.go:35:189
      KILLED INVERT_BITWISE at internal/infra/postgres/settlement_repo.go:35:202
      KILLED INVERT_BITWISE at internal/infra/postgres/settlement_repo.go:35:213
      KILLED CONDITIONALS_NEGATION at internal/infra/postgres/settlement_repo.go:43:9
      KILLED INVERT_BITWISE at internal/infra/postgres/settlement_repo.go:52:23
      KILLED INVERT_BITWISE at internal/infra/postgres/settlement_repo.go:52:30
      KILLED INVERT_BITWISE at internal/infra/postgres/settlement_repo.go:52:48
      KILLED INVERT_BITWISE at internal/infra/postgres/settlement_repo.go:52:63
      KILLED INVERT_BITWISE at internal/infra/postgres/settlement_repo.go:52:76
      KILLED INVERT_BITWISE at internal/infra/postgres/settlement_repo.go:52:89
      KILLED INVERT_BITWISE at internal/infra/postgres/settlement_repo.go:52:100
      KILLED INVERT_BITWISE at internal/infra/postgres/settlement_repo.go:52:109
      KILLED CONDITIONALS_NEGATION at internal/infra/postgres/settlement_repo.go:52:125
      KILLED CONDITIONALS_NEGATION at internal/infra/postgres/settlement_repo.go:56:10
      KILLED INVERT_BITWISE at internal/infra/postgres/settlement_repo.go:65:138
      KILLED INVERT_BITWISE at internal/infra/postgres/settlement_repo.go:65:145
      KILLED INVERT_BITWISE at internal/infra/postgres/settlement_repo.go:65:155
      KILLED INVERT_BITWISE at internal/infra/postgres/settlement_repo.go:65:168
      KILLED INVERT_BITWISE at internal/infra/postgres/settlement_repo.go:65:177
      KILLED INVERT_LOGICAL at internal/infra/postgres/settlement_repo.go:73:16
      KILLED CONDITIONALS_NEGATION at internal/infra/postgres/settlement_repo.go:73:9
      KILLED CONDITIONALS_NEGATION at internal/infra/postgres/settlement_repo.go:73:38
      KILLED CONDITIONALS_NEGATION at internal/infra/postgres/settlement_repo.go:80:9
      KILLED CONDITIONALS_NEGATION at internal/infra/postgres/settlement_repo.go:90:10
      KILLED INCREMENT_DECREMENT at internal/infra/postgres/settlement_repo.go:93:10
      KILLED ARITHMETIC_BASE at internal/infra/postgres/settlement_repo.go:98:42
      KILLED ARITHMETIC_BASE at internal/infra/postgres/settlement_repo.go:98:36
      KILLED ARITHMETIC_BASE at internal/infra/postgres/settlement_repo.go:98:29
      KILLED CONDITIONALS_NEGATION at internal/infra/postgres/settlement_repo.go:101:8
      KILLED CONDITIONALS_NEGATION at internal/infra/postgres/settlement_repo.go:104:55
      KILLED CONDITIONALS_NEGATION at internal/infra/postgres/settlement_repo.go:107:57
      KILLED CONDITIONALS_NEGATION at internal/infra/postgres/settlement_repo.go:110:119
      KILLED CONDITIONALS_NEGATION at internal/infra/postgres/settlement_repo.go:113:264
      KILLED INCREMENT_DECREMENT at internal/infra/postgres/settlement_repo.go:116:10
      KILLED CONDITIONALS_NEGATION at internal/infra/postgres/settlement_repo.go:126:9
      KILLED CONDITIONALS_NEGATION at internal/infra/postgres/settlement_repo.go:129:11
      KILLED CONDITIONALS_NEGATION at internal/infra/postgres/settlement_repo.go:132:11
      KILLED CONDITIONALS_NEGATION at internal/infra/postgres/settlement_repo.go:138:145
      KILLED CONDITIONALS_NEGATION at internal/infra/postgres/settlement_repo.go:135:89
      KILLED INVERT_BITWISE at internal/infra/postgres/transaction_repo.go:22:21
      KILLED INVERT_BITWISE at internal/infra/postgres/transaction_repo.go:22:28
      KILLED INVERT_BITWISE at internal/infra/postgres/transaction_repo.go:22:39
      KILLED INVERT_BITWISE at internal/infra/postgres/transaction_repo.go:22:54
      KILLED INVERT_BITWISE at internal/infra/postgres/transaction_repo.go:22:69
      KILLED INVERT_BITWISE at internal/infra/postgres/transaction_repo.go:22:88
      KILLED INVERT_BITWISE at internal/infra/postgres/transaction_repo.go:22:104
      KILLED INVERT_BITWISE at internal/infra/postgres/transaction_repo.go:22:117
      KILLED INVERT_BITWISE at internal/infra/postgres/transaction_repo.go:22:130
      KILLED INVERT_BITWISE at internal/infra/postgres/transaction_repo.go:22:142
      KILLED INVERT_BITWISE at internal/infra/postgres/transaction_repo.go:22:153
      KILLED INVERT_BITWISE at internal/infra/postgres/transaction_repo.go:22:162
      KILLED INVERT_BITWISE at internal/infra/postgres/transaction_repo.go:22:171
      KILLED INVERT_BITWISE at internal/infra/postgres/transaction_repo.go:22:182
      KILLED INVERT_BITWISE at internal/infra/postgres/transaction_repo.go:22:206
      KILLED INVERT_BITWISE at internal/infra/postgres/transaction_repo.go:22:222
      KILLED INVERT_BITWISE at internal/infra/postgres/transaction_repo.go:22:233
      KILLED INVERT_BITWISE at internal/infra/postgres/transaction_repo.go:22:249
      KILLED INVERT_BITWISE at internal/infra/postgres/transaction_repo.go:22:259
      KILLED INVERT_BITWISE at internal/infra/postgres/transaction_repo.go:22:272
      KILLED INVERT_BITWISE at internal/infra/postgres/transaction_repo.go:22:290
      KILLED INVERT_BITWISE at internal/infra/postgres/transaction_repo.go:22:304
      KILLED INVERT_BITWISE at internal/infra/postgres/transaction_repo.go:22:318
      KILLED INVERT_BITWISE at internal/infra/postgres/transaction_repo.go:22:332
      KILLED INVERT_BITWISE at internal/infra/postgres/transaction_repo.go:22:350
      KILLED CONDITIONALS_NEGATION at internal/infra/postgres/transaction_repo.go:22:371
      KILLED CONDITIONALS_NEGATION at internal/infra/postgres/transaction_repo.go:30:9
      KILLED CONDITIONALS_NEGATION at internal/infra/postgres/transaction_repo.go:33:13
      KILLED CONDITIONALS_NEGATION at internal/infra/postgres/transaction_repo.go:35:8
      KILLED INVERT_BITWISE at internal/infra/postgres/transaction_repo.go:38:20
      KILLED CONDITIONALS_NEGATION at internal/infra/postgres/transaction_repo.go:45:20
      KILLED INVERT_BITWISE at internal/infra/postgres/transaction_repo.go:47:13
      KILLED INVERT_ASSIGNMENTS at internal/infra/postgres/transaction_repo.go:51:7
      KILLED REMOVE_SELF_ASSIGNMENTS at internal/infra/postgres/transaction_repo.go:51:7
      KILLED CONDITIONALS_NEGATION at internal/infra/postgres/transaction_repo.go:54:28
      KILLED ARITHMETIC_BASE at internal/infra/postgres/transaction_repo.go:64:50
      KILLED ARITHMETIC_BASE at internal/infra/postgres/transaction_repo.go:64:43
      KILLED ARITHMETIC_BASE at internal/infra/postgres/transaction_repo.go:67:50
      KILLED ARITHMETIC_BASE at internal/infra/postgres/transaction_repo.go:67:43
      KILLED ARITHMETIC_BASE at internal/infra/postgres/transaction_repo.go:70:50
      KILLED ARITHMETIC_BASE at internal/infra/postgres/transaction_repo.go:70:43
      KILLED CONDITIONALS_NEGATION at internal/infra/postgres/transaction_repo.go:75:20
      KILLED INVERT_BITWISE at internal/infra/postgres/transaction_repo.go:77:7
      KILLED INVERT_LOGICAL at internal/infra/postgres/transaction_repo.go:80:16
      KILLED CONDITIONALS_NEGATION at internal/infra/postgres/transaction_repo.go:80:9
      KILLED CONDITIONALS_NEGATION at internal/infra/postgres/transaction_repo.go:80:38
      KILLED ARITHMETIC_BASE at internal/infra/postgres/transaction_repo.go:86:46
      KILLED ARITHMETIC_BASE at internal/infra/postgres/transaction_repo.go:86:39
      KILLED CONDITIONALS_NEGATION at internal/infra/postgres/transaction_repo.go:87:9
      KILLED CONDITIONALS_NEGATION at internal/infra/postgres/transaction_repo.go:94:8
      KILLED INVERT_BITWISE at internal/infra/postgres/transaction_repo.go:103:178
      KILLED INVERT_BITWISE at internal/infra/postgres/uow.go:31:61
      KILLED CONDITIONALS_NEGATION at internal/infra/postgres/uow.go:43:9
      KILLED ARITHMETIC_BASE at internal/infra/postgres/uow.go:47:59
      KILLED CONDITIONALS_NEGATION at internal/infra/postgres/uow.go:51:39
      KILLED CONDITIONALS_NEGATION at internal/infra/postgres/uow.go:54:31
      KILLED INVERT_LOGICAL at internal/infra/postgres/uow.go:63:134
      KILLED INVERT_LOGICAL at internal/infra/postgres/uow.go:63:90
      KILLED INVERT_LOGICAL at internal/infra/postgres/uow.go:63:67
      KILLED INVERT_LOGICAL at internal/infra/postgres/uow.go:63:28
      KILLED INVERT_BITWISE at internal/infra/postgres/uow.go:63:85
      KILLED INVERT_BITWISE at internal/infra/postgres/uow.go:67:16
      KILLED INVERT_LOGICAL at internal/infra/postgres/uow.go:68:69
      KILLED INVERT_LOGICAL at internal/infra/postgres/uow.go:68:47
      KILLED INVERT_LOGICAL at internal/infra/postgres/uow.go:68:25
      KILLED CONDITIONALS_NEGATION at internal/infra/postgres/uow.go:68:14
      KILLED CONDITIONALS_NEGATION at internal/infra/postgres/uow.go:68:36
      KILLED CONDITIONALS_NEGATION at internal/infra/postgres/uow.go:68:58
      KILLED CONDITIONALS_NEGATION at internal/infra/postgres/uow.go:68:80
      KILLED CONDITIONALS_NEGATION at internal/infra/postgres/uow.go:71:14
      KILLED INVERT_LOGICAL at internal/infra/postgres/uow.go:74:47
      KILLED INVERT_LOGICAL at internal/infra/postgres/uow.go:74:25
      KILLED CONDITIONALS_NEGATION at internal/infra/postgres/uow.go:74:14
      KILLED CONDITIONALS_NEGATION at internal/infra/postgres/uow.go:74:36
      KILLED CONDITIONALS_NEGATION at internal/infra/postgres/uow.go:74:58
      KILLED INVERT_LOGICAL at internal/infra/postgres/uow.go:77:69
      KILLED INVERT_LOGICAL at internal/infra/postgres/uow.go:77:47
      KILLED INVERT_LOGICAL at internal/infra/postgres/uow.go:77:25
      KILLED CONDITIONALS_NEGATION at internal/infra/postgres/uow.go:77:14
      KILLED CONDITIONALS_NEGATION at internal/infra/postgres/uow.go:77:36
      KILLED CONDITIONALS_NEGATION at internal/infra/postgres/uow.go:77:58
      KILLED INVERT_LOGICAL at internal/infra/postgres/uow.go:77:91
      KILLED CONDITIONALS_BOUNDARY at internal/infra/postgres/uow.go:77:86
      KILLED CONDITIONALS_NEGATION at internal/infra/postgres/uow.go:77:86
      KILLED CONDITIONALS_NEGATION at internal/infra/postgres/uow.go:77:106
      KILLED INVERT_LOGICAL at internal/infra/postgres/wallet_repo.go:32:25
      KILLED INVERT_BITWISE at internal/infra/postgres/wallet_repo.go:32:20
      KILLED CONDITIONALS_NEGATION at internal/infra/postgres/wallet_repo.go:32:36
      KILLED ARITHMETIC_BASE at internal/infra/postgres/wallet_repo.go:39:58
      KILLED ARITHMETIC_BASE at internal/infra/postgres/wallet_repo.go:39:47
      KILLED ARITHMETIC_BASE at internal/infra/postgres/wallet_repo.go:44:58
      KILLED ARITHMETIC_BASE at internal/infra/postgres/wallet_repo.go:44:47
      KILLED CONDITIONALS_NEGATION at internal/infra/postgres/wallet_repo.go:52:9
      KILLED CONDITIONALS_NEGATION at internal/infra/postgres/wallet_repo.go:55:24
      KILLED INVERT_BITWISE at internal/infra/postgres/wallet_repo.go:67:21
      KILLED INVERT_BITWISE at internal/infra/postgres/wallet_repo.go:67:26
      KILLED INVERT_BITWISE at internal/infra/postgres/wallet_repo.go:67:35
      KILLED INVERT_BITWISE at internal/infra/postgres/wallet_repo.go:67:41
      KILLED INVERT_BITWISE at internal/infra/postgres/wallet_repo.go:67:49
      KILLED INVERT_BITWISE at internal/infra/postgres/wallet_repo.go:67:55
      KILLED INVERT_BITWISE at internal/infra/postgres/wallet_repo.go:67:65
      KILLED CONDITIONALS_NEGATION at internal/infra/postgres/wallet_repo.go:67:76
      KILLED CONDITIONALS_NEGATION at internal/infra/postgres/wallet_repo.go:74:9
      KILLED CONDITIONALS_NEGATION at internal/infra/sqs/client.go:16:9
      KILLED CONDITIONALS_NEGATION at internal/infra/sqs/client.go:20:25
      KILLED INVERT_BITWISE at internal/infra/sqs/client.go:32:9
      KILLED ARITHMETIC_BASE at internal/infra/sqs/client.go:36:43
      KILLED INVERT_BITWISE at internal/infra/sqs/client.go:38:45
      KILLED INVERT_BITWISE at internal/infra/sqs/client.go:38:87
      KILLED INVERT_BITWISE at internal/infra/sqs/consumer.go:37:9
      KILLED ARITHMETIC_BASE at internal/infra/sqs/consumer.go:37:117
      KILLED CONDITIONALS_NEGATION at internal/infra/sqs/consumer.go:42:16
      KILLED ARITHMETIC_BASE at internal/infra/sqs/consumer.go:45:110
      KILLED ARITHMETIC_BASE at internal/infra/sqs/consumer.go:45:107
      KILLED INVERT_BITWISE at internal/infra/sqs/consumer.go:46:51
      KILLED INVERT_BITWISE at internal/infra/sqs/consumer.go:47:33
      KILLED CONDITIONALS_NEGATION at internal/infra/sqs/consumer.go:53:10
      KILLED CONDITIONALS_NEGATION at internal/infra/sqs/consumer.go:54:17
      KILLED ARITHMETIC_BASE at internal/infra/sqs/consumer.go:59:29
      KILLED INVERT_LOOPCTRL at internal/infra/sqs/consumer.go:65:4
      KILLED INVERT_BITWISE at internal/infra/sqs/consumer.go:83:51
      KILLED INVERT_BITWISE at internal/infra/sqs/consumer.go:86:6
      KILLED CONDITIONALS_NEGATION at internal/infra/sqs/consumer.go:91:15
      KILLED CONDITIONALS_NEGATION at internal/infra/sqs/consumer.go:96:9
      KILLED INVERT_LOGICAL at internal/infra/sqs/consumer.go:101:144
      KILLED INVERT_LOGICAL at internal/infra/sqs/consumer.go:101:95
      KILLED INVERT_LOGICAL at internal/infra/sqs/consumer.go:101:53
      KILLED CONDITIONALS_BOUNDARY at internal/infra/sqs/consumer.go:104:8
      KILLED CONDITIONALS_NEGATION at internal/infra/sqs/consumer.go:104:8
      KILLED CONDITIONALS_NEGATION at internal/infra/sqs/consumer.go:110:16
      KILLED INVERT_BITWISE at internal/infra/sqs/consumer.go:118:41
      KILLED ARITHMETIC_BASE at internal/infra/sqs/consumer.go:123:66
      KILLED INVERT_BITWISE at internal/infra/sqs/consumer.go:125:43
      KILLED INVERT_BITWISE at internal/infra/sqs/consumer.go:125:80
      KILLED CONDITIONALS_NEGATION at internal/infra/sqs/consumer.go:125:131
      KILLED ARITHMETIC_BASE at internal/infra/sqs/consumer.go:131:66
      KILLED INVERT_BITWISE at internal/infra/sqs/consumer.go:133:50
      KILLED INVERT_BITWISE at internal/infra/sqs/consumer.go:134:13
      KILLED CONDITIONALS_NEGATION at internal/infra/sqs/consumer.go:135:9
      KILLED CONDITIONALS_NEGATION at internal/infra/sqs/module.go:32:11
      KILLED INVERT_LOOPCTRL at internal/infra/sqs/module.go:33:5
      KILLED INVERT_BITWISE at internal/infra/sqs/module.go:35:44
      KILLED INVERT_BITWISE at internal/infra/sqs/module.go:35:86
      KILLED CONDITIONALS_NEGATION at internal/infra/sqs/module.go:35:98
      KILLED CONDITIONALS_NEGATION at internal/infra/sqs/module.go:44:21
      KILLED ARITHMETIC_BASE at internal/infra/sqs/module.go:45:60
      KILLED CONDITIONALS_NEGATION at internal/infra/sqs/module.go:51:28
      KILLED INVERT_BITWISE at internal/infra/sqs/module.go:60:42
      KILLED INVERT_BITWISE at internal/infra/sqs/module.go:60:84
      KILLED CONDITIONALS_NEGATION at internal/infra/sqs/module.go:61:9
      KILLED CONDITIONALS_NEGATION at internal/infra/sqs/module.go:65:9
      KILLED CONDITIONALS_NEGATION at internal/infra/sqs/module.go:69:9
      KILLED INVERT_NEGATIVES at internal/infra/sqs/module.go:78:82
      KILLED ARITHMETIC_BASE at internal/infra/sqs/module.go:78:82
      KILLED ARITHMETIC_BASE at internal/infra/sqs/module.go:78:69
      KILLED ARITHMETIC_BASE at internal/infra/sqs/module.go:79:31
      KILLED INVERT_NEGATIVES at internal/infra/sqs/module.go:79:64
      KILLED ARITHMETIC_BASE at internal/infra/sqs/module.go:79:64
      KILLED ARITHMETIC_BASE at internal/infra/sqs/module.go:79:66
      KILLED INVERT_BITWISE at internal/infra/sqs/publisher.go:26:9
      KILLED CONDITIONALS_NEGATION at internal/infra/sqs/publisher.go:31:15
      KILLED CONDITIONALS_NEGATION at internal/infra/sqs/publisher.go:32:27
      KILLED INVERT_BITWISE at internal/infra/sqs/publisher.go:38:42
      KILLED CONDITIONALS_NEGATION at internal/infra/sqs/publisher.go:38:58
      KILLED CONDITIONALS_NEGATION at internal/infra/sqs/publisher.go:47:10
      KILLED INVERT_BITWISE at internal/infra/sqs/publisher.go:53:38
      KILLED INVERT_BITWISE at internal/infra/sqs/publisher.go:54:27
      KILLED CONDITIONALS_NEGATION at internal/platform/failpoint/hit.go:12:28
      KILLED CONDITIONALS_NEGATION at internal/platform/failpoint/hit.go:16:9
      KILLED INVERT_BITWISE at internal/platform/failpoint/hit.go:19:70
      KILLED INVERT_BITWISE at internal/platform/failpoint/hit.go:19:60
      KILLED CONDITIONALS_NEGATION at internal/platform/failpoint/hit.go:20:7
      KILLED INVERT_BITWISE at internal/platform/logging/logging.go:13:52
      KILLED INVERT_BITWISE at internal/platform/metrics/metrics.go:24:7
      KILLED CONDITIONALS_NEGATION at internal/platform/sys/sys.go:20:9
      KILLED INVERT_BITWISE at internal/platform/worker/worker.go:32:9
      KILLED CONDITIONALS_NEGATION at internal/platform/worker/worker.go:53:18
      KILLED CONDITIONALS_NEGATION at internal/platform/worker/worker.go:54:13
      KILLED CONDITIONALS_NEGATION at internal/platform/worker/worker.go:106:18
      KILLED ARITHMETIC_BASE at internal/platform/worker/worker.go:110:48
      KILLED INVERT_LOGICAL at internal/platform/worker/worker.go:113:19
      KILLED CONDITIONALS_NEGATION at internal/platform/worker/worker.go:113:12
      KILLED CONDITIONALS_NEGATION at internal/platform/worker/worker.go:113:28
      KILLED CONDITIONALS_NEGATION at internal/testsupport/settlementfacts/commitments.go:18:14
      KILLED ARITHMETIC_BASE at internal/testsupport/settlementfacts/commitments.go:22:64
      KILLED ARITHMETIC_BASE at internal/testsupport/settlementfacts/commitments.go:22:55
      KILLED INVERT_LOGICAL at internal/testsupport/settlementfacts/commitments.go:25:25
      KILLED CONDITIONALS_NEGATION at internal/testsupport/settlementfacts/commitments.go:25:19
      KILLED CONDITIONALS_NEGATION at internal/testsupport/settlementfacts/commitments.go:25:39
      KILLED INVERT_LOGICAL at internal/testsupport/settlementfacts/commitments.go:36:10
      KILLED CONDITIONALS_NEGATION at internal/testsupport/settlementfacts/commitments.go:36:15
      KILLED CONDITIONALS_NEGATION at internal/testsupport/settlementfacts/facts.go:34:23
      KILLED INCREMENT_DECREMENT at internal/testsupport/settlementfacts/facts.go:44:25
      KILLED INVERT_LOGICAL at internal/testsupport/settlementfacts/facts.go:48:17
      KILLED CONDITIONALS_NEGATION at internal/testsupport/settlementfacts/facts.go:48:11
      KILLED CONDITIONALS_NEGATION at internal/testsupport/settlementfacts/facts.go:53:20
      KILLED INCREMENT_DECREMENT at internal/testsupport/settlementfacts/facts.go:56:16
      KILLED CONDITIONALS_NEGATION at internal/testsupport/settlementfacts/observations.go:32:14
      KILLED INVERT_LOGICAL at internal/testsupport/settlementfacts/observations.go:38:62
      KILLED INVERT_LOGICAL at internal/testsupport/settlementfacts/observations.go:38:37
      KILLED INVERT_LOGICAL at internal/testsupport/settlementfacts/observations.go:38:17
      KILLED CONDITIONALS_NEGATION at internal/testsupport/settlementfacts/observations.go:38:11
      KILLED CONDITIONALS_NEGATION at internal/testsupport/settlementfacts/observations.go:38:31
      KILLED CONDITIONALS_NEGATION at internal/testsupport/settlementfacts/observations.go:38:56
      KILLED INVERT_LOGICAL at internal/testsupport/settlementfacts/observations.go:43:42
      KILLED INVERT_LOGICAL at internal/testsupport/settlementfacts/observations.go:43:27
      KILLED CONDITIONALS_NEGATION at internal/testsupport/settlementfacts/observations.go:43:37
      KILLED INVERT_LOGICAL at internal/testsupport/settlementfacts/observations.go:64:91
      KILLED INVERT_LOGICAL at internal/testsupport/settlementfacts/observations.go:64:50
      KILLED INVERT_LOGICAL at internal/testsupport/settlementfacts/observations.go:64:22
      KILLED CONDITIONALS_NEGATION at internal/testsupport/settlementfacts/observations.go:64:16
      KILLED CONDITIONALS_NEGATION at internal/testsupport/settlementfacts/observations.go:64:104
      KILLED INVERT_BITWISE at internal/testsupport/settlementfacts/observations.go:74:38
      KILLED CONDITIONALS_NEGATION at internal/testsupport/settlementfacts/observations.go:74:47
      KILLED INVERT_LOGICAL at internal/testsupport/settlementfacts/observations.go:77:190
      KILLED INVERT_LOGICAL at internal/testsupport/settlementfacts/observations.go:77:157
      KILLED INVERT_LOGICAL at internal/testsupport/settlementfacts/observations.go:77:122
      KILLED INVERT_LOGICAL at internal/testsupport/settlementfacts/observations.go:77:97
      KILLED INVERT_LOGICAL at internal/testsupport/settlementfacts/observations.go:77:76
      KILLED INVERT_LOGICAL at internal/testsupport/settlementfacts/observations.go:77:45
      KILLED INVERT_LOGICAL at internal/testsupport/settlementfacts/observations.go:77:16
      KILLED CONDITIONALS_NEGATION at internal/testsupport/settlementfacts/observations.go:77:10
      KILLED CONDITIONALS_NEGATION at internal/testsupport/settlementfacts/observations.go:77:31
      KILLED CONDITIONALS_NEGATION at internal/testsupport/settlementfacts/observations.go:77:62
      KILLED CONDITIONALS_NEGATION at internal/testsupport/settlementfacts/observations.go:77:89
      KILLED CONDITIONALS_NEGATION at internal/testsupport/settlementfacts/observations.go:77:112
      KILLED CONDITIONALS_NEGATION at internal/testsupport/settlementfacts/observations.go:77:132
      KILLED CONDITIONALS_NEGATION at internal/testsupport/settlementfacts/observations.go:77:176
      KILLED CONDITIONALS_NEGATION at internal/testsupport/settlementfacts/observations.go:77:203
      KILLED INVERT_LOGICAL at internal/testsupport/settlementfacts/observations.go:81:119
      KILLED INVERT_LOGICAL at internal/testsupport/settlementfacts/observations.go:81:79
      KILLED INVERT_LOGICAL at internal/testsupport/settlementfacts/observations.go:81:42
      KILLED INVERT_LOGICAL at internal/testsupport/settlementfacts/observations.go:81:27
      KILLED CONDITIONALS_NEGATION at internal/testsupport/settlementfacts/observations.go:81:37
      KILLED INVERT_BITWISE at internal/testsupport/settlementfacts/observations.go:85:51
      KILLED INVERT_LOGICAL at internal/testsupport/settlementfacts/observations.go:85:90
      KILLED INVERT_LOGICAL at internal/testsupport/settlementfacts/observations.go:85:69
      KILLED CONDITIONALS_NEGATION at internal/testsupport/settlementfacts/observations.go:85:62
      KILLED CONDITIONALS_NEGATION at internal/testsupport/settlementfacts/observations.go:85:76
      KILLED CONDITIONALS_NEGATION at internal/testsupport/settlementfacts/observations.go:85:105
      KILLED INVERT_LOGICAL at internal/testsupport/settlementfacts/observations.go:103:36
      KILLED INVERT_LOGICAL at internal/testsupport/settlementfacts/observations.go:103:18
      KILLED CONDITIONALS_NEGATION at internal/testsupport/settlementfacts/observations.go:103:12
      KILLED CONDITIONALS_NEGATION at internal/testsupport/settlementfacts/observations.go:103:28
      KILLED CONDITIONALS_BOUNDARY at internal/testsupport/settlementfacts/observations.go:103:48
      KILLED CONDITIONALS_NEGATION at internal/testsupport/settlementfacts/observations.go:103:48
      KILLED INCREMENT_DECREMENT at internal/testsupport/settlementfacts/observations.go:106:14
      KILLED CONDITIONALS_NEGATION at internal/testsupport/settlementfacts/observations.go:108:19
      KILLED INVERT_LOGICAL at internal/testsupport/settlementfacts/observations.go:112:51
      KILLED INVERT_LOGICAL at internal/testsupport/settlementfacts/observations.go:112:31
      KILLED INVERT_LOGICAL at internal/testsupport/settlementfacts/observations.go:112:17
      KILLED CONDITIONALS_NEGATION at internal/testsupport/settlementfacts/observations.go:112:11
      KILLED CONDITIONALS_NEGATION at internal/testsupport/settlementfacts/observations.go:112:45
      KILLED CONDITIONALS_NEGATION at internal/testsupport/settlementfacts/observations.go:112:70
      KILLED CONDITIONALS_NEGATION at internal/testsupport/settlementfacts/observations.go:117:22
      KILLED INVERT_LOGICAL at internal/testsupport/settlementfacts/observations.go:120:33
      KILLED CONDITIONALS_NEGATION at internal/testsupport/settlementfacts/observations.go:120:22
      KILLED CONDITIONALS_NEGATION at internal/testsupport/settlementfacts/observations.go:120:53
      KILLED INVERT_LOGICAL at internal/testsupport/settlementfacts/observations.go:124:36
      KILLED CONDITIONALS_NEGATION at internal/testsupport/settlementfacts/observations.go:124:19
      KILLED CONDITIONALS_NEGATION at internal/testsupport/settlementfacts/observations.go:124:54
      KILLED CONDITIONALS_NEGATION at internal/testsupport/settlementfacts/observations.go:128:20
      KILLED INVERT_LOGICAL at internal/testsupport/settlementfacts/observations.go:133:55
      KILLED INVERT_LOGICAL at internal/testsupport/settlementfacts/observations.go:133:34
      KILLED CONDITIONALS_BOUNDARY at internal/testsupport/settlementfacts/observations.go:133:19
      KILLED CONDITIONALS_NEGATION at internal/testsupport/settlementfacts/observations.go:133:19
      KILLED CONDITIONALS_BOUNDARY at internal/testsupport/settlementfacts/observations.go:133:51
      KILLED CONDITIONALS_NEGATION at internal/testsupport/settlementfacts/observations.go:133:51
      KILLED CONDITIONALS_BOUNDARY at internal/testsupport/settlementfacts/observations.go:133:72
      KILLED CONDITIONALS_NEGATION at internal/testsupport/settlementfacts/observations.go:133:72
      KILLED INVERT_NEGATIVES at internal/testsupport/settlementfacts/observations.go:133:87
      KILLED ARITHMETIC_BASE at internal/testsupport/settlementfacts/observations.go:133:87
      KILLED INVERT_LOGICAL at internal/testsupport/settlementfacts/observations.go:136:47
      KILLED CONDITIONALS_NEGATION at internal/testsupport/settlementfacts/observations.go:136:18
      KILLED INVERT_NEGATIVES at internal/testsupport/settlementfacts/observations.go:136:33
      KILLED ARITHMETIC_BASE at internal/testsupport/settlementfacts/observations.go:136:33
      KILLED CONDITIONALS_NEGATION at internal/testsupport/settlementfacts/observations.go:136:63
      KILLED ARITHMETIC_BASE at internal/testsupport/settlementfacts/observations.go:136:79
      KILLED INCREMENT_DECREMENT at internal/testsupport/settlementfacts/observations.go:139:16
      KILLED ARITHMETIC_BASE at internal/testsupport/settlementfacts/observations.go:158:72
      KILLED ARITHMETIC_BASE at internal/testsupport/settlementfacts/observations.go:158:63
      KILLED INVERT_LOGICAL at internal/testsupport/settlementfacts/observations.go:160:48
      KILLED INVERT_LOGICAL at internal/testsupport/settlementfacts/observations.go:160:23
      KILLED CONDITIONALS_NEGATION at internal/testsupport/settlementfacts/observations.go:160:17
      KILLED CONDITIONALS_NEGATION at internal/testsupport/settlementfacts/observations.go:160:42
      KILLED CONDITIONALS_BOUNDARY at internal/testsupport/settlementfacts/observations.go:160:67
      KILLED CONDITIONALS_NEGATION at internal/testsupport/settlementfacts/observations.go:160:67
      KILLED CONDITIONALS_NEGATION at internal/testsupport/settlementfacts/observations.go:168:15
      KILLED INVERT_BITWISE at internal/testsupport/settlementfacts/observations.go:179:39
      KILLED CONDITIONALS_NEGATION at internal/testsupport/settlementfacts/observations.go:179:48
      KILLED INVERT_LOGICAL at internal/testsupport/settlementfacts/observations.go:182:217
      KILLED INVERT_LOGICAL at internal/testsupport/settlementfacts/observations.go:182:183
      KILLED INVERT_LOGICAL at internal/testsupport/settlementfacts/observations.go:182:147
      KILLED INVERT_LOGICAL at internal/testsupport/settlementfacts/observations.go:182:113
      KILLED INVERT_LOGICAL at internal/testsupport/settlementfacts/observations.go:182:88
      KILLED INVERT_LOGICAL at internal/testsupport/settlementfacts/observations.go:182:52
      KILLED INVERT_LOGICAL at internal/testsupport/settlementfacts/observations.go:182:31
      KILLED INVERT_LOGICAL at internal/testsupport/settlementfacts/observations.go:182:17
      KILLED CONDITIONALS_NEGATION at internal/testsupport/settlementfacts/observations.go:182:11
      KILLED CONDITIONALS_NEGATION at internal/testsupport/settlementfacts/observations.go:182:44
      KILLED CONDITIONALS_NEGATION at internal/testsupport/settlementfacts/observations.go:182:62
      KILLED CONDITIONALS_NEGATION at internal/testsupport/settlementfacts/observations.go:182:103
      KILLED CONDITIONALS_NEGATION at internal/testsupport/settlementfacts/observations.go:182:128
      KILLED CONDITIONALS_NEGATION at internal/testsupport/settlementfacts/observations.go:182:164
      KILLED CONDITIONALS_NEGATION at internal/testsupport/settlementfacts/observations.go:182:202
      KILLED CONDITIONALS_NEGATION at internal/testsupport/settlementfacts/observations.go:182:230
      KILLED INVERT_LOGICAL at internal/testsupport/settlementfacts/observations.go:187:120
      KILLED INVERT_LOGICAL at internal/testsupport/settlementfacts/observations.go:187:80
      KILLED INVERT_LOGICAL at internal/testsupport/settlementfacts/observations.go:187:43
      KILLED INVERT_LOGICAL at internal/testsupport/settlementfacts/observations.go:187:28
      KILLED CONDITIONALS_NEGATION at internal/testsupport/settlementfacts/observations.go:187:38
      KILLED INVERT_LOGICAL at internal/testsupport/settlementfacts/observations.go:191:10
      KILLED CONDITIONALS_NEGATION at internal/testsupport/settlementfacts/observations.go:191:20
      KILLED CONDITIONALS_NEGATION at internal/transport/httpapi/dto.go:21:7
      KILLED INVERT_BITWISE at internal/transport/httpapi/dto.go:25:9
      KILLED CONDITIONALS_NEGATION at internal/transport/httpapi/dto.go:30:9
      KILLED CONDITIONALS_NEGATION at internal/transport/httpapi/handlers.go:30:9
      KILLED ARITHMETIC_BASE at internal/transport/httpapi/handlers.go:34:53
      KILLED INVERT_BITWISE at internal/transport/httpapi/handlers.go:41:57
      KILLED INVERT_BITWISE at internal/transport/httpapi/handlers.go:43:23
      KILLED CONDITIONALS_NEGATION at internal/transport/httpapi/handlers.go:43:35
      KILLED INVERT_LOGICAL at internal/transport/httpapi/handlers.go:48:20
      KILLED CONDITIONALS_NEGATION at internal/transport/httpapi/handlers.go:48:15
      KILLED CONDITIONALS_NEGATION at internal/transport/httpapi/handlers.go:48:31
      KILLED CONDITIONALS_NEGATION at internal/transport/httpapi/handlers.go:51:26
      KILLED CONDITIONALS_NEGATION at internal/transport/httpapi/handlers.go:57:34
      KILLED INVERT_BITWISE at internal/transport/httpapi/handlers.go:65:25
      KILLED CONDITIONALS_NEGATION at internal/transport/httpapi/handlers.go:65:36
      KILLED CONDITIONALS_NEGATION at internal/transport/httpapi/handlers.go:70:9
      KILLED CONDITIONALS_NEGATION at internal/transport/httpapi/handlers.go:75:9
      KILLED CONDITIONALS_NEGATION at internal/transport/httpapi/handlers.go:84:9
      KILLED CONDITIONALS_NEGATION at internal/transport/httpapi/handlers.go:93:40
      KILLED INVERT_LOGICAL at internal/transport/httpapi/handlers.go:95:26
      KILLED INVERT_LOGICAL at internal/transport/httpapi/handlers.go:95:17
      KILLED CONDITIONALS_NEGATION at internal/transport/httpapi/handlers.go:95:10
      KILLED CONDITIONALS_BOUNDARY at internal/transport/httpapi/handlers.go:95:22
      KILLED CONDITIONALS_NEGATION at internal/transport/httpapi/handlers.go:95:22
      KILLED CONDITIONALS_BOUNDARY at internal/transport/httpapi/handlers.go:95:31
      KILLED CONDITIONALS_NEGATION at internal/transport/httpapi/handlers.go:95:31
      KILLED CONDITIONALS_NEGATION at internal/transport/httpapi/handlers.go:102:9
      KILLED CONDITIONALS_NEGATION at internal/transport/httpapi/handlers.go:116:9
      KILLED CONDITIONALS_NEGATION at internal/transport/httpapi/handlers.go:126:9
      KILLED INVERT_BITWISE at internal/transport/httpapi/handlers.go:131:25
      KILLED CONDITIONALS_NEGATION at internal/transport/httpapi/handlers.go:131:36
      KILLED CONDITIONALS_NEGATION at internal/transport/httpapi/handlers.go:145:9
      KILLED ARITHMETIC_BASE at internal/transport/httpapi/handlers.go:157:55
      KILLED CONDITIONALS_NEGATION at internal/transport/httpapi/handlers.go:174:9
      KILLED CONDITIONALS_NEGATION at internal/transport/httpapi/handlers.go:183:9
      KILLED INVERT_NEGATIVES at internal/transport/httpapi/module.go:37:20
      KILLED ARITHMETIC_BASE at internal/transport/httpapi/module.go:37:20
      KILLED CONDITIONALS_BOUNDARY at internal/transport/httpapi/module.go:37:27
      KILLED CONDITIONALS_NEGATION at internal/transport/httpapi/module.go:37:27
      KILLED INCREMENT_DECREMENT at internal/transport/httpapi/module.go:37:34
      KILLED ARITHMETIC_BASE at internal/transport/httpapi/module.go:51:53
      KILLED CONDITIONALS_NEGATION at internal/transport/httpapi/module.go:54:11
      KILLED INVERT_BITWISE at internal/transport/httpapi/module.go:85:9
      KILLED ARITHMETIC_BASE at internal/transport/httpapi/module.go:85:155
      KILLED ARITHMETIC_BASE at internal/transport/httpapi/module.go:85:186
      KILLED ARITHMETIC_BASE at internal/transport/httpapi/module.go:85:218
      KILLED ARITHMETIC_BASE at internal/transport/httpapi/module.go:85:249
      KILLED CONDITIONALS_NEGATION at internal/transport/httpapi/module.go:103:11
      KILLED CONDITIONALS_NEGATION at internal/transport/httpapi/module.go:111:16
      KILLED INVERT_BITWISE at internal/transport/httpapi/settlement.go:16:25
      KILLED CONDITIONALS_NEGATION at internal/transport/httpapi/module.go:122:9
      KILLED CONDITIONALS_NEGATION at internal/transport/httpapi/settlement.go:16:35
      KILLED CONDITIONALS_NEGATION at internal/transport/httpapi/settlement.go:21:9
      KILLED INVERT_BITWISE at internal/transport/httpapi/settlement.go:40:25
      KILLED CONDITIONALS_NEGATION at internal/transport/httpapi/settlement.go:40:35
      KILLED CONDITIONALS_NEGATION at internal/transport/httpapi/settlement.go:47:8
      KILLED CONDITIONALS_NEGATION at internal/transport/httpapi/settlement.go:55:8
      KILLED CONDITIONALS_NEGATION at internal/transport/httpapi/settlement.go:62:9
      KILLED CONDITIONALS_NEGATION at internal/transport/httpapi/settlement.go:71:9
      KILLED CONDITIONALS_NEGATION at internal/transport/httpapi/settlement.go:79:21
      KILLED INVERT_BITWISE at internal/transport/httpapi/settlement.go:80:26
      KILLED CONDITIONALS_NEGATION at internal/transport/httpapi/settlement.go:80:36
      KILLED CONDITIONALS_NEGATION at internal/transport/httpapi/settlement.go:86:9
      KILLED CONDITIONALS_NEGATION at scripts/audit-test-inventory.go:47:9
      KILLED CONDITIONALS_NEGATION at scripts/audit-test-inventory.go:54:9
      KILLED INVERT_LOGICAL at scripts/audit-test-inventory.go:66:28
      KILLED INVERT_LOGICAL at scripts/audit-test-inventory.go:66:10
      KILLED CONDITIONALS_NEGATION at scripts/audit-test-inventory.go:66:21
      KILLED CONDITIONALS_NEGATION at scripts/audit-test-inventory.go:66:39
      KILLED INVERT_LOOPCTRL at scripts/audit-test-inventory.go:67:4
      KILLED CONDITIONALS_NEGATION at scripts/audit-test-inventory.go:70:19
      KILLED INVERT_LOOPCTRL at scripts/audit-test-inventory.go:81:4
      KILLED INVERT_LOGICAL at scripts/audit-test-inventory.go:94:41
      KILLED INVERT_LOGICAL at scripts/audit-test-inventory.go:94:11
      KILLED CONDITIONALS_NEGATION at scripts/audit-test-inventory.go:94:32
      KILLED CONDITIONALS_NEGATION at scripts/audit-test-inventory.go:94:59
      KILLED INVERT_BITWISE at scripts/audit-test-inventory.go:101:29
      KILLED CONDITIONALS_NEGATION at scripts/audit-test-inventory.go:101:61
      KILLED CONDITIONALS_NEGATION at scripts/audit-test-inventory.go:120:11
      KILLED INVERT_LOGICAL at scripts/audit-test-inventory.go:123:21
      KILLED CONDITIONALS_NEGATION at scripts/audit-test-inventory.go:127:11
      KILLED CONDITIONALS_NEGATION at scripts/audit-test-inventory.go:133:10
       LIVED CONDITIONALS_BOUNDARY at scripts/audit-test-inventory.go:137:63
      KILLED CONDITIONALS_NEGATION at scripts/audit-test-inventory.go:137:63
      KILLED CONDITIONALS_NEGATION at scripts/audit-test-inventory.go:144:80

Mutation testing completed in 1 hour 3 minutes
Killed: 1423, Lived: 1, Not covered: 0
Timed out: 0, Not viable: 0, Skipped: 0
Test efficacy: 99.93%
Mutator coverage: 100.00%
