2026/09/28 23:12:39 INFO transaction handled correlationId=contract-correlation messageId="" transactionId=00000000-0000-4000-8000-000000000006 walletId=00000000-0000-4000-8000-000000000001 providerId=p status=PROCESSED
2026/09/28 23:12:39 INFO transaction handled correlationId=contract-correlation messageId="" transactionId=00000000-0000-4000-8000-000000000006 walletId=00000000-0000-4000-8000-000000000001 providerId=p status=PROCESSED
2026/09/28 23:12:39 INFO transaction handled correlationId=contract-correlation messageId="" transactionId=00000000-0000-4000-8000-000000000011 walletId=00000000-0000-4000-8000-000000000001 providerId=p status=PROCESSED
2026/09/28 23:12:39 INFO transaction handled correlationId=contract-correlation messageId="" transactionId=00000000-0000-4000-8000-000000000011 walletId=00000000-0000-4000-8000-000000000001 providerId=p status=PROCESSED
2026/09/28 23:12:39 INFO transaction handled correlationId=contract-correlation messageId="" transactionId=00000000-0000-4000-8000-000000000016 walletId=00000000-0000-4000-8000-000000000001 providerId=p status=PROCESSED
2026/09/28 23:12:39 INFO transaction handled correlationId=contract-correlation messageId="" transactionId=00000000-0000-4000-8000-000000000016 walletId=00000000-0000-4000-8000-000000000001 providerId=p status=PROCESSED
2026/09/28 23:12:39 INFO transaction handled correlationId=contract-correlation messageId="" transactionId=00000000-0000-4000-8000-000000000019 walletId=00000000-0000-4000-8000-000000000001 providerId=p status=PROCESSED
2026/09/28 23:12:39 INFO transaction handled correlationId=contract-correlation messageId="" transactionId=00000000-0000-4000-8000-000000000019 walletId=00000000-0000-4000-8000-000000000001 providerId=p status=PROCESSED
2026/09/28 23:12:39 INFO transaction handled correlationId=contract-correlation messageId="" transactionId=00000000-0000-4000-8000-000000000024 walletId=00000000-0000-4000-8000-000000000001 providerId=p status=PROCESSED
2026/09/28 23:12:39 INFO transaction handled correlationId=contract-correlation messageId="" transactionId=00000000-0000-4000-8000-000000000024 walletId=00000000-0000-4000-8000-000000000001 providerId=p status=PROCESSED
2026/09/28 23:12:39 INFO transaction handled correlationId=contract-correlation messageId="" transactionId=00000000-0000-4000-8000-000000000029 walletId=00000000-0000-4000-8000-000000000001 providerId=p status=REJECTED
2026/09/28 23:12:39 INFO transaction handled correlationId=contract-correlation messageId="" transactionId=00000000-0000-4000-8000-000000000029 walletId=00000000-0000-4000-8000-000000000001 providerId=p status=REJECTED
2026/09/28 23:12:39 INFO transaction handled correlationId=contract-correlation messageId="" transactionId=00000000-0000-4000-8000-000000000032 walletId=00000000-0000-4000-8000-000000000001 providerId=p status=PENDING_REFERENCE
2026/09/28 23:12:39 INFO transaction handled correlationId=contract-correlation messageId="" transactionId=00000000-0000-4000-8000-000000000032 walletId=00000000-0000-4000-8000-000000000001 providerId=p status=PENDING_REFERENCE
2026/09/28 23:12:39 INFO transaction handled correlationId=contract-correlation messageId="" transactionId=00000000-0000-4000-8000-000000000006 walletId=00000000-0000-4000-8000-000000000001 providerId=p status=PROCESSED
--- FAIL: TestHTTPInvalidInputsAndAuthorizationHaveNoEffects (0.02s)
    --- FAIL: TestHTTPInvalidInputsAndAuthorizationHaveNoEffects/null (0.00s)
        http_contract_test.go:230: invalid input touched persistence: 403 {"code":"FORBIDDEN"}
2026/09/28 23:12:39 INFO transaction handled correlationId=correlation messageId="" transactionId=00000000-0000-4000-8000-000000000006 walletId=00000000-0000-4000-8000-000000000001 providerId=p status=PROCESSED
2026/09/28 23:12:39 INFO transaction handled correlationId=correlation messageId="" transactionId=00000000-0000-4000-8000-000000000006 walletId=00000000-0000-4000-8000-000000000001 providerId=p status=PROCESSED
2026/09/28 23:12:39 INFO transaction handled correlationId=correlation messageId=message-op-1 transactionId=00000000-0000-4000-8000-000000000011 walletId=00000000-0000-4000-8000-000000000001 providerId=p status=PROCESSED
2026/09/28 23:12:39 INFO transaction handled correlationId=correlation messageId="" transactionId=00000000-0000-4000-8000-000000000015 walletId=00000000-0000-4000-8000-000000000001 providerId=p status=REJECTED
2026/09/28 23:12:39 INFO transaction handled correlationId=correlation messageId=message-op-3 transactionId=00000000-0000-4000-8000-000000000017 walletId=00000000-0000-4000-8000-000000000001 providerId=p status=REJECTED
2026/09/28 23:12:39 INFO transaction handled correlationId=correlation messageId="" transactionId=00000000-0000-4000-8000-000000000019 walletId=00000000-0000-4000-8000-000000000001 providerId=p status=PROCESSED
2026/09/28 23:12:39 INFO transaction handled correlationId=correlation messageId=message-op-5 transactionId=00000000-0000-4000-8000-000000000021 walletId=00000000-0000-4000-8000-000000000001 providerId=p status=REJECTED
2026/09/28 23:12:39 INFO transaction handled correlationId=correlation messageId="" transactionId=00000000-0000-4000-8000-000000000023 walletId=00000000-0000-4000-8000-000000000001 providerId=p status=PROCESSED
2026/09/28 23:12:39 INFO transaction handled correlationId=correlation messageId=message-op-7 transactionId=00000000-0000-4000-8000-000000000027 walletId=00000000-0000-4000-8000-000000000001 providerId=p status=REJECTED
2026/09/28 23:12:39 INFO transaction handled correlationId=correlation messageId=message-op-7 transactionId=00000000-0000-4000-8000-000000000027 walletId=00000000-0000-4000-8000-000000000001 providerId=p status=REJECTED
2026/09/28 23:12:39 INFO transaction handled correlationId=correlation messageId="" transactionId=00000000-0000-4000-8000-000000000030 walletId=00000000-0000-4000-8000-000000000001 providerId=p status=REJECTED
2026/09/28 23:12:39 INFO transaction handled correlationId=correlation messageId=message-op-9 transactionId=00000000-0000-4000-8000-000000000032 walletId=00000000-0000-4000-8000-000000000001 providerId=p status=PROCESSED
2026/09/28 23:12:39 INFO transaction handled correlationId=correlation messageId="" transactionId=00000000-0000-4000-8000-000000000034 walletId=00000000-0000-4000-8000-000000000001 providerId=p status=PROCESSED
2026/09/28 23:12:39 INFO transaction handled correlationId=correlation messageId=message-op-11 transactionId=00000000-0000-4000-8000-000000000038 walletId=00000000-0000-4000-8000-000000000001 providerId=p status=PROCESSED
2026/09/28 23:12:39 INFO transaction handled correlationId=correlation messageId="" transactionId=00000000-0000-4000-8000-000000000042 walletId=00000000-0000-4000-8000-000000000001 providerId=p status=REJECTED
2026/09/28 23:12:39 INFO transaction handled correlationId=correlation messageId=message-op-13 transactionId=00000000-0000-4000-8000-000000000044 walletId=00000000-0000-4000-8000-000000000001 providerId=p status=PROCESSED
2026/09/28 23:12:39 INFO transaction handled correlationId=correlation messageId="" transactionId=00000000-0000-4000-8000-000000000048 walletId=00000000-0000-4000-8000-000000000001 providerId=p status=PROCESSED
2026/09/28 23:12:39 INFO transaction handled correlationId=correlation messageId="" transactionId=00000000-0000-4000-8000-000000000048 walletId=00000000-0000-4000-8000-000000000001 providerId=p status=PROCESSED
2026/09/28 23:12:39 INFO transaction handled correlationId=correlation messageId=message-op-15 transactionId=00000000-0000-4000-8000-000000000053 walletId=00000000-0000-4000-8000-000000000001 providerId=p status=REJECTED
2026/09/28 23:12:39 INFO transaction handled correlationId=correlation messageId="" transactionId=00000000-0000-4000-8000-000000000055 walletId=00000000-0000-4000-8000-000000000001 providerId=p status=REJECTED
2026/09/28 23:12:39 INFO transaction handled correlationId=correlation messageId=message-op-17 transactionId=00000000-0000-4000-8000-000000000057 walletId=00000000-0000-4000-8000-000000000001 providerId=p status=PROCESSED
2026/09/28 23:12:39 INFO transaction handled correlationId=correlation messageId="" transactionId=00000000-0000-4000-8000-000000000061 walletId=00000000-0000-4000-8000-000000000001 providerId=p status=REJECTED
2026/09/28 23:12:39 INFO transaction handled correlationId=correlation messageId=message-op-19 transactionId=00000000-0000-4000-8000-000000000063 walletId=00000000-0000-4000-8000-000000000001 providerId=p status=PROCESSED
2026/09/28 23:12:39 INFO transaction handled correlationId=correlation messageId="" transactionId=00000000-0000-4000-8000-000000000067 walletId=00000000-0000-4000-8000-000000000001 providerId=p status=REJECTED
2026/09/28 23:12:39 INFO transaction handled correlationId=correlation messageId=message-op-21 transactionId=00000000-0000-4000-8000-000000000069 walletId=00000000-0000-4000-8000-000000000001 providerId=p status=PROCESSED
2026/09/28 23:12:39 INFO transaction handled correlationId=correlation messageId=message-op-21 transactionId=00000000-0000-4000-8000-000000000069 walletId=00000000-0000-4000-8000-000000000001 providerId=p status=PROCESSED
2026/09/28 23:12:39 INFO transaction handled correlationId=correlation messageId="" transactionId=00000000-0000-4000-8000-000000000074 walletId=00000000-0000-4000-8000-000000000001 providerId=p status=REJECTED
2026/09/28 23:12:39 INFO transaction handled correlationId=correlation messageId=message-op-23 transactionId=00000000-0000-4000-8000-000000000076 walletId=00000000-0000-4000-8000-000000000001 providerId=p status=PROCESSED
2026/09/28 23:12:39 INFO transaction handled correlationId=correlation messageId="" transactionId=00000000-0000-4000-8000-000000000078 walletId=00000000-0000-4000-8000-000000000001 providerId=p status=REJECTED
2026/09/28 23:12:39 INFO transaction handled correlationId=correlation messageId=message-op-25 transactionId=00000000-0000-4000-8000-000000000080 walletId=00000000-0000-4000-8000-000000000001 providerId=p status=PROCESSED
2026/09/28 23:12:39 INFO transaction handled correlationId=correlation messageId="" transactionId=00000000-0000-4000-8000-000000000084 walletId=00000000-0000-4000-8000-000000000001 providerId=p status=PROCESSED
2026/09/28 23:12:39 INFO transaction handled correlationId=correlation messageId=message-op-27 transactionId=00000000-0000-4000-8000-000000000086 walletId=00000000-0000-4000-8000-000000000001 providerId=p status=PROCESSED
2026/09/28 23:12:39 INFO transaction handled correlationId=correlation messageId="" transactionId=00000000-0000-4000-8000-000000000090 walletId=00000000-0000-4000-8000-000000000001 providerId=p status=REJECTED
2026/09/28 23:12:39 INFO transaction handled correlationId=correlation messageId="" transactionId=00000000-0000-4000-8000-000000000090 walletId=00000000-0000-4000-8000-000000000001 providerId=p status=REJECTED
2026/09/28 23:12:39 INFO transaction handled correlationId=correlation messageId=message-op-29 transactionId=00000000-0000-4000-8000-000000000093 walletId=00000000-0000-4000-8000-000000000001 providerId=p status=PROCESSED
2026/09/28 23:12:39 INFO transaction handled correlationId=correlation messageId="" transactionId=00000000-0000-4000-8000-000000000097 walletId=00000000-0000-4000-8000-000000000001 providerId=p status=REJECTED
2026/09/28 23:12:39 INFO transaction handled correlationId=correlation messageId=message-op-31 transactionId=00000000-0000-4000-8000-000000000099 walletId=00000000-0000-4000-8000-000000000001 providerId=p status=REJECTED
2026/09/28 23:12:39 INFO transaction handled correlationId=correlation messageId="" transactionId=00000000-0000-4000-8000-000000000101 walletId=00000000-0000-4000-8000-000000000001 providerId=p status=PROCESSED
2026/09/28 23:12:39 INFO transaction handled correlationId=correlation messageId=message-op-33 transactionId=00000000-0000-4000-8000-000000000103 walletId=00000000-0000-4000-8000-000000000001 providerId=p status=REJECTED
2026/09/28 23:12:39 INFO transaction handled correlationId=correlation messageId="" transactionId=00000000-0000-4000-8000-000000000105 walletId=00000000-0000-4000-8000-000000000001 providerId=p status=PROCESSED
2026/09/28 23:12:39 INFO transaction handled correlationId=correlation messageId=message-op-35 transactionId=00000000-0000-4000-8000-000000000109 walletId=00000000-0000-4000-8000-000000000001 providerId=p status=PROCESSED
2026/09/28 23:12:39 INFO transaction handled correlationId=correlation messageId=message-op-35 transactionId=00000000-0000-4000-8000-000000000109 walletId=00000000-0000-4000-8000-000000000001 providerId=p status=PROCESSED
2026/09/28 23:12:39 INFO transaction handled correlationId=correlation messageId="" transactionId=00000000-0000-4000-8000-000000000114 walletId=00000000-0000-4000-8000-000000000001 providerId=p status=PROCESSED
2026/09/28 23:12:39 INFO transaction handled correlationId=correlation messageId=message-op-37 transactionId=00000000-0000-4000-8000-000000000118 walletId=00000000-0000-4000-8000-000000000001 providerId=p status=PROCESSED
2026/09/28 23:12:39 INFO transaction handled correlationId=correlation messageId="" transactionId=00000000-0000-4000-8000-000000000120 walletId=00000000-0000-4000-8000-000000000001 providerId=p status=PROCESSED
2026/09/28 23:12:39 INFO transaction handled correlationId=correlation messageId=message-op-39 transactionId=00000000-0000-4000-8000-000000000124 walletId=00000000-0000-4000-8000-000000000001 providerId=p status=PROCESSED
2026/09/28 23:12:39 INFO transaction handled correlationId=correlation messageId="" transactionId=00000000-0000-4000-8000-000000000128 walletId=00000000-0000-4000-8000-000000000001 providerId=p status=REJECTED
2026/09/28 23:12:39 INFO transaction handled correlationId=correlation messageId=message-op-41 transactionId=00000000-0000-4000-8000-000000000130 walletId=00000000-0000-4000-8000-000000000001 providerId=p status=PROCESSED
2026/09/28 23:12:39 INFO transaction handled correlationId=correlation messageId="" transactionId=00000000-0000-4000-8000-000000000132 walletId=00000000-0000-4000-8000-000000000001 providerId=p status=PROCESSED
2026/09/28 23:12:39 INFO transaction handled correlationId=correlation messageId="" transactionId=00000000-0000-4000-8000-000000000132 walletId=00000000-0000-4000-8000-000000000001 providerId=p status=PROCESSED
2026/09/28 23:12:39 INFO transaction handled correlationId=correlation messageId=message-op-43 transactionId=00000000-0000-4000-8000-000000000135 walletId=00000000-0000-4000-8000-000000000001 providerId=p status=PROCESSED
2026/09/28 23:12:39 INFO transaction handled correlationId=correlation messageId="" transactionId=00000000-0000-4000-8000-000000000137 walletId=00000000-0000-4000-8000-000000000001 providerId=p status=REJECTED
2026/09/28 23:12:39 INFO transaction handled correlationId=correlation messageId=message-op-45 transactionId=00000000-0000-4000-8000-000000000139 walletId=00000000-0000-4000-8000-000000000001 providerId=p status=REJECTED
2026/09/28 23:12:39 INFO transaction handled correlationId=correlation messageId="" transactionId=00000000-0000-4000-8000-000000000141 walletId=00000000-0000-4000-8000-000000000001 providerId=p status=REJECTED
2026/09/28 23:12:39 INFO transaction handled correlationId=correlation messageId=message-op-47 transactionId=00000000-0000-4000-8000-000000000143 walletId=00000000-0000-4000-8000-000000000001 providerId=p status=PROCESSED
2026/09/28 23:12:39 INFO transaction handled correlationId=correlation messageId="" transactionId=00000000-0000-4000-8000-000000000147 walletId=00000000-0000-4000-8000-000000000001 providerId=p status=REJECTED
2026/09/28 23:12:39 INFO transaction handled correlationId=correlation messageId=message-op-49 transactionId=00000000-0000-4000-8000-000000000149 walletId=00000000-0000-4000-8000-000000000001 providerId=p status=PROCESSED
2026/09/28 23:12:39 INFO transaction handled correlationId=correlation messageId=message-op-49 transactionId=00000000-0000-4000-8000-000000000149 walletId=00000000-0000-4000-8000-000000000001 providerId=p status=PROCESSED
2026/09/28 23:12:39 INFO transaction handled correlationId=correlation messageId="" transactionId=00000000-0000-4000-8000-000000000152 walletId=00000000-0000-4000-8000-000000000001 providerId=p status=PROCESSED
2026/09/28 23:12:39 INFO transaction handled correlationId=correlation messageId=message-op-51 transactionId=00000000-0000-4000-8000-000000000156 walletId=00000000-0000-4000-8000-000000000001 providerId=p status=PROCESSED
2026/09/28 23:12:39 INFO transaction handled correlationId=correlation messageId="" transactionId=00000000-0000-4000-8000-000000000160 walletId=00000000-0000-4000-8000-000000000001 providerId=p status=PROCESSED
2026/09/28 23:12:39 INFO transaction handled correlationId=correlation messageId=message-op-53 transactionId=00000000-0000-4000-8000-000000000162 walletId=00000000-0000-4000-8000-000000000001 providerId=p status=PROCESSED
2026/09/28 23:12:39 INFO transaction handled correlationId=correlation messageId="" transactionId=00000000-0000-4000-8000-000000000166 walletId=00000000-0000-4000-8000-000000000001 providerId=p status=REJECTED
2026/09/28 23:12:39 INFO transaction handled correlationId=correlation messageId=message-op-55 transactionId=00000000-0000-4000-8000-000000000168 walletId=00000000-0000-4000-8000-000000000001 providerId=p status=REJECTED
2026/09/28 23:12:39 INFO transaction handled correlationId=correlation messageId="" transactionId=00000000-0000-4000-8000-000000000170 walletId=00000000-0000-4000-8000-000000000001 providerId=p status=REJECTED
2026/09/28 23:12:39 INFO transaction handled correlationId=correlation messageId="" transactionId=00000000-0000-4000-8000-000000000170 walletId=00000000-0000-4000-8000-000000000001 providerId=p status=REJECTED
2026/09/28 23:12:39 INFO transaction handled correlationId=correlation messageId=message-op-57 transactionId=00000000-0000-4000-8000-000000000173 walletId=00000000-0000-4000-8000-000000000001 providerId=p status=PROCESSED
2026/09/28 23:12:39 INFO transaction handled correlationId=correlation messageId="" transactionId=00000000-0000-4000-8000-000000000175 walletId=00000000-0000-4000-8000-000000000001 providerId=p status=PROCESSED
2026/09/28 23:12:39 INFO transaction handled correlationId=correlation messageId=message-op-59 transactionId=00000000-0000-4000-8000-000000000177 walletId=00000000-0000-4000-8000-000000000001 providerId=p status=REJECTED
2026/09/28 23:12:39 INFO transaction handled correlationId=correlation messageId="" transactionId=00000000-0000-4000-8000-000000000179 walletId=00000000-0000-4000-8000-000000000001 providerId=p status=REJECTED
2026/09/28 23:12:39 INFO transaction handled correlationId=correlation messageId=message-op-61 transactionId=00000000-0000-4000-8000-000000000181 walletId=00000000-0000-4000-8000-000000000001 providerId=p status=REJECTED
2026/09/28 23:12:39 INFO transaction handled correlationId=correlation messageId="" transactionId=00000000-0000-4000-8000-000000000183 walletId=00000000-0000-4000-8000-000000000001 providerId=p status=PROCESSED
2026/09/28 23:12:39 INFO transaction handled correlationId=correlation messageId=message-op-63 transactionId=00000000-0000-4000-8000-000000000187 walletId=00000000-0000-4000-8000-000000000001 providerId=p status=PROCESSED
2026/09/28 23:12:39 INFO transaction handled correlationId=correlation messageId=message-op-63 transactionId=00000000-0000-4000-8000-000000000187 walletId=00000000-0000-4000-8000-000000000001 providerId=p status=PROCESSED
2026/09/28 23:12:39 INFO transaction handled correlationId=correlation messageId="" transactionId=00000000-0000-4000-8000-000000000192 walletId=00000000-0000-4000-8000-000000000001 providerId=p status=PROCESSED
2026/09/28 23:12:39 INFO transaction handled correlationId=correlation messageId=message-op-65 transactionId=00000000-0000-4000-8000-000000000194 walletId=00000000-0000-4000-8000-000000000001 providerId=p status=PROCESSED
2026/09/28 23:12:39 INFO transaction handled correlationId=correlation messageId="" transactionId=00000000-0000-4000-8000-000000000198 walletId=00000000-0000-4000-8000-000000000001 providerId=p status=PROCESSED
2026/09/28 23:12:39 INFO transaction handled correlationId=correlation messageId=message-op-67 transactionId=00000000-0000-4000-8000-000000000202 walletId=00000000-0000-4000-8000-000000000001 providerId=p status=PROCESSED
2026/09/28 23:12:39 INFO transaction handled correlationId=correlation messageId="" transactionId=00000000-0000-4000-8000-000000000206 walletId=00000000-0000-4000-8000-000000000001 providerId=p status=PROCESSED
2026/09/28 23:12:39 INFO transaction handled correlationId=correlation messageId=message-op-69 transactionId=00000000-0000-4000-8000-000000000210 walletId=00000000-0000-4000-8000-000000000001 providerId=p status=PROCESSED
2026/09/28 23:12:39 INFO transaction handled correlationId=correlation messageId="" transactionId=00000000-0000-4000-8000-000000000214 walletId=00000000-0000-4000-8000-000000000001 providerId=p status=PROCESSED
2026/09/28 23:12:39 INFO transaction handled correlationId=correlation messageId="" transactionId=00000000-0000-4000-8000-000000000214 walletId=00000000-0000-4000-8000-000000000001 providerId=p status=PROCESSED
2026/09/28 23:12:39 INFO transaction handled correlationId=correlation messageId=message-op-71 transactionId=00000000-0000-4000-8000-000000000217 walletId=00000000-0000-4000-8000-000000000001 providerId=p status=REJECTED
2026/09/28 23:12:39 INFO transaction handled correlationId=correlation messageId="" transactionId=00000000-0000-4000-8000-000000000219 walletId=00000000-0000-4000-8000-000000000001 providerId=p status=REJECTED
2026/09/28 23:12:39 INFO transaction handled correlationId=correlation messageId=message-op-73 transactionId=00000000-0000-4000-8000-000000000221 walletId=00000000-0000-4000-8000-000000000001 providerId=p status=REJECTED
2026/09/28 23:12:39 INFO transaction handled correlationId=correlation messageId="" transactionId=00000000-0000-4000-8000-000000000223 walletId=00000000-0000-4000-8000-000000000001 providerId=p status=REJECTED
2026/09/28 23:12:39 INFO transaction handled correlationId=correlation messageId=message-op-75 transactionId=00000000-0000-4000-8000-000000000225 walletId=00000000-0000-4000-8000-000000000001 providerId=p status=PROCESSED
2026/09/28 23:12:39 INFO transaction handled correlationId=correlation messageId="" transactionId=00000000-0000-4000-8000-000000000227 walletId=00000000-0000-4000-8000-000000000001 providerId=p status=PROCESSED
2026/09/28 23:12:39 INFO transaction handled correlationId=correlation messageId=message-op-77 transactionId=00000000-0000-4000-8000-000000000231 walletId=00000000-0000-4000-8000-000000000001 providerId=p status=PROCESSED
2026/09/28 23:12:39 INFO transaction handled correlationId=correlation messageId=message-op-77 transactionId=00000000-0000-4000-8000-000000000231 walletId=00000000-0000-4000-8000-000000000001 providerId=p status=PROCESSED
2026/09/28 23:12:39 INFO transaction handled correlationId=correlation messageId="" transactionId=00000000-0000-4000-8000-000000000234 walletId=00000000-0000-4000-8000-000000000001 providerId=p status=PROCESSED
2026/09/28 23:12:39 INFO transaction handled correlationId=correlation messageId=message-op-79 transactionId=00000000-0000-4000-8000-000000000236 walletId=00000000-0000-4000-8000-000000000001 providerId=p status=REJECTED
2026/09/28 23:12:39 INFO transaction handled correlationId=correlation messageId="" transactionId=00000000-0000-4000-8000-000000000006 walletId=00000000-0000-4000-8000-000000000001 providerId=p status=PENDING_REFERENCE
2026/09/28 23:12:39 INFO transaction handled correlationId=correlation messageId="" transactionId=00000000-0000-4000-8000-000000000006 walletId=00000000-0000-4000-8000-000000000001 providerId=p status=PENDING_REFERENCE
2026/09/28 23:12:39 INFO transaction handled correlationId=correlation messageId=message-op-1 transactionId=00000000-0000-4000-8000-000000000009 walletId=00000000-0000-4000-8000-000000000001 providerId=p status=PROCESSED
2026/09/28 23:12:39 INFO transaction handled correlationId=correlation messageId="" transactionId=00000000-0000-4000-8000-000000000013 walletId=00000000-0000-4000-8000-000000000001 providerId=p status=PENDING_REFERENCE
2026/09/28 23:12:39 INFO transaction handled correlationId=correlation messageId=message-op-3 transactionId=00000000-0000-4000-8000-000000000015 walletId=00000000-0000-4000-8000-000000000001 providerId=p status=REJECTED
2026/09/28 23:12:39 INFO transaction handled correlationId=correlation messageId="" transactionId=00000000-0000-4000-8000-000000000017 walletId=00000000-0000-4000-8000-000000000001 providerId=p status=REJECTED
2026/09/28 23:12:39 INFO transaction handled correlationId=correlation messageId=message-op-5 transactionId=00000000-0000-4000-8000-000000000019 walletId=00000000-0000-4000-8000-000000000001 providerId=p status=PROCESSED
2026/09/28 23:12:39 INFO transaction handled correlationId=correlation messageId="" transactionId=00000000-0000-4000-8000-000000000023 walletId=00000000-0000-4000-8000-000000000001 providerId=p status=PROCESSED
2026/09/28 23:12:39 INFO transaction handled correlationId=correlation messageId=message-op-7 transactionId=00000000-0000-4000-8000-000000000027 walletId=00000000-0000-4000-8000-000000000001 providerId=p status=PROCESSED
2026/09/28 23:12:39 INFO transaction handled correlationId=correlation messageId=message-op-7 transactionId=00000000-0000-4000-8000-000000000027 walletId=00000000-0000-4000-8000-000000000001 providerId=p status=PROCESSED
2026/09/28 23:12:39 INFO transaction handled correlationId=correlation messageId="" transactionId=00000000-0000-4000-8000-000000000032 walletId=00000000-0000-4000-8000-000000000001 providerId=p status=PROCESSED
2026/09/28 23:12:39 INFO transaction handled correlationId=correlation messageId=message-op-9 transactionId=00000000-0000-4000-8000-000000000036 walletId=00000000-0000-4000-8000-000000000001 providerId=p status=REJECTED
2026/09/28 23:12:39 INFO transaction handled correlationId=correlation messageId="" transactionId=00000000-0000-4000-8000-000000000038 walletId=00000000-0000-4000-8000-000000000001 providerId=p status=PENDING_REFERENCE
2026/09/28 23:12:39 INFO transaction handled correlationId=correlation messageId=message-op-11 transactionId=00000000-0000-4000-8000-000000000040 walletId=00000000-0000-4000-8000-000000000001 providerId=p status=REJECTED
2026/09/28 23:12:39 INFO transaction handled correlationId=correlation messageId="" transactionId=00000000-0000-4000-8000-000000000042 walletId=00000000-0000-4000-8000-000000000001 providerId=p status=REJECTED
2026/09/28 23:12:39 INFO transaction handled correlationId=correlation messageId=message-op-13 transactionId=00000000-0000-4000-8000-000000000044 walletId=00000000-0000-4000-8000-000000000001 providerId=p status=PROCESSED
2026/09/28 23:12:39 INFO transaction handled correlationId=correlation messageId="" transactionId=00000000-0000-4000-8000-000000000048 walletId=00000000-0000-4000-8000-000000000001 providerId=p status=REJECTED
2026/09/28 23:12:39 INFO transaction handled correlationId=correlation messageId="" transactionId=00000000-0000-4000-8000-000000000048 walletId=00000000-0000-4000-8000-000000000001 providerId=p status=REJECTED
2026/09/28 23:12:39 INFO transaction handled correlationId=correlation messageId=message-op-15 transactionId=00000000-0000-4000-8000-000000000051 walletId=00000000-0000-4000-8000-000000000001 providerId=p status=PROCESSED
2026/09/28 23:12:39 INFO transaction handled correlationId=correlation messageId="" transactionId=00000000-0000-4000-8000-000000000055 walletId=00000000-0000-4000-8000-000000000001 providerId=p status=PROCESSED
2026/09/28 23:12:39 INFO transaction handled correlationId=correlation messageId=message-op-17 transactionId=00000000-0000-4000-8000-000000000059 walletId=00000000-0000-4000-8000-000000000001 providerId=p status=REJECTED
2026/09/28 23:12:39 INFO transaction handled correlationId=correlation messageId="" transactionId=00000000-0000-4000-8000-000000000061 walletId=00000000-0000-4000-8000-000000000001 providerId=p status=REJECTED
2026/09/28 23:12:39 INFO transaction handled correlationId=correlation messageId=message-op-19 transactionId=00000000-0000-4000-8000-000000000063 walletId=00000000-0000-4000-8000-000000000001 providerId=p status=PROCESSED
2026/09/28 23:12:39 INFO transaction handled correlationId=correlation messageId="" transactionId=00000000-0000-4000-8000-000000000067 walletId=00000000-0000-4000-8000-000000000001 providerId=p status=PROCESSED
2026/09/28 23:12:39 INFO transaction handled correlationId=correlation messageId=message-op-21 transactionId=00000000-0000-4000-8000-000000000071 walletId=00000000-0000-4000-8000-000000000001 providerId=p status=PROCESSED
2026/09/28 23:12:39 INFO transaction handled correlationId=correlation messageId=message-op-21 transactionId=00000000-0000-4000-8000-000000000071 walletId=00000000-0000-4000-8000-000000000001 providerId=p status=PROCESSED
2026/09/28 23:12:39 INFO transaction handled correlationId=correlation messageId="" transactionId=00000000-0000-4000-8000-000000000076 walletId=00000000-0000-4000-8000-000000000001 providerId=p status=PROCESSED
2026/09/28 23:12:39 INFO transaction handled correlationId=correlation messageId=message-op-23 transactionId=00000000-0000-4000-8000-000000000078 walletId=00000000-0000-4000-8000-000000000001 providerId=p status=REJECTED
2026/09/28 23:12:39 INFO transaction handled correlationId=correlation messageId="" transactionId=00000000-0000-4000-8000-000000000080 walletId=00000000-0000-4000-8000-000000000001 providerId=p status=REJECTED
2026/09/28 23:12:39 INFO transaction handled correlationId=correlation messageId=message-op-25 transactionId=00000000-0000-4000-8000-000000000082 walletId=00000000-0000-4000-8000-000000000001 providerId=p status=PROCESSED
2026/09/28 23:12:39 INFO transaction handled correlationId=correlation messageId="" transactionId=00000000-0000-4000-8000-000000000084 walletId=00000000-0000-4000-8000-000000000001 providerId=p status=PROCESSED
2026/09/28 23:12:39 INFO transaction handled correlationId=correlation messageId=message-op-27 transactionId=00000000-0000-4000-8000-000000000088 walletId=00000000-0000-4000-8000-000000000001 providerId=p status=REJECTED
2026/09/28 23:12:39 INFO transaction handled correlationId=correlation messageId="" transactionId=00000000-0000-4000-8000-000000000090 walletId=00000000-0000-4000-8000-000000000001 providerId=p status=PROCESSED
2026/09/28 23:12:39 INFO transaction handled correlationId=correlation messageId="" transactionId=00000000-0000-4000-8000-000000000090 walletId=00000000-0000-4000-8000-000000000001 providerId=p status=PROCESSED
2026/09/28 23:12:39 INFO transaction handled correlationId=correlation messageId=message-op-29 transactionId=00000000-0000-4000-8000-000000000095 walletId=00000000-0000-4000-8000-000000000001 providerId=p status=PROCESSED
2026/09/28 23:12:39 INFO transaction handled correlationId=correlation messageId="" transactionId=00000000-0000-4000-8000-000000000099 walletId=00000000-0000-4000-8000-000000000001 providerId=p status=REJECTED
2026/09/28 23:12:39 INFO transaction handled correlationId=correlation messageId=message-op-31 transactionId=00000000-0000-4000-8000-000000000101 walletId=00000000-0000-4000-8000-000000000001 providerId=p status=REJECTED
2026/09/28 23:12:39 INFO transaction handled correlationId=correlation messageId="" transactionId=00000000-0000-4000-8000-000000000103 walletId=00000000-0000-4000-8000-000000000001 providerId=p status=REJECTED
2026/09/28 23:12:39 INFO transaction handled correlationId=correlation messageId=message-op-33 transactionId=00000000-0000-4000-8000-000000000105 walletId=00000000-0000-4000-8000-000000000001 providerId=p status=REJECTED
2026/09/28 23:12:39 INFO transaction handled correlationId=correlation messageId="" transactionId=00000000-0000-4000-8000-000000000107 walletId=00000000-0000-4000-8000-000000000001 providerId=p status=REJECTED
2026/09/28 23:12:39 INFO transaction handled correlationId=correlation messageId=message-op-35 transactionId=00000000-0000-4000-8000-000000000109 walletId=00000000-0000-4000-8000-000000000001 providerId=p status=REJECTED
2026/09/28 23:12:39 INFO transaction handled correlationId=correlation messageId=message-op-35 transactionId=00000000-0000-4000-8000-000000000109 walletId=00000000-0000-4000-8000-000000000001 providerId=p status=REJECTED
2026/09/28 23:12:39 INFO transaction handled correlationId=correlation messageId="" transactionId=00000000-0000-4000-8000-000000000112 walletId=00000000-0000-4000-8000-000000000001 providerId=p status=REJECTED
2026/09/28 23:12:39 INFO transaction handled correlationId=correlation messageId=message-op-37 transactionId=00000000-0000-4000-8000-000000000114 walletId=00000000-0000-4000-8000-000000000001 providerId=p status=REJECTED
2026/09/28 23:12:39 INFO transaction handled correlationId=correlation messageId="" transactionId=00000000-0000-4000-8000-000000000116 walletId=00000000-0000-4000-8000-000000000001 providerId=p status=PROCESSED
2026/09/28 23:12:39 INFO transaction handled correlationId=correlation messageId=message-op-39 transactionId=00000000-0000-4000-8000-000000000118 walletId=00000000-0000-4000-8000-000000000001 providerId=p status=PROCESSED
2026/09/28 23:12:39 INFO transaction handled correlationId=correlation messageId="" transactionId=00000000-0000-4000-8000-000000000120 walletId=00000000-0000-4000-8000-000000000001 providerId=p status=PROCESSED
2026/09/28 23:12:39 INFO transaction handled correlationId=correlation messageId=message-op-41 transactionId=00000000-0000-4000-8000-000000000122 walletId=00000000-0000-4000-8000-000000000001 providerId=p status=REJECTED
2026/09/28 23:12:39 INFO transaction handled correlationId=correlation messageId="" transactionId=00000000-0000-4000-8000-000000000124 walletId=00000000-0000-4000-8000-000000000001 providerId=p status=REJECTED
2026/09/28 23:12:39 INFO transaction handled correlationId=correlation messageId="" transactionId=00000000-0000-4000-8000-000000000124 walletId=00000000-0000-4000-8000-000000000001 providerId=p status=REJECTED
2026/09/28 23:12:39 INFO transaction handled correlationId=correlation messageId=message-op-43 transactionId=00000000-0000-4000-8000-000000000127 walletId=00000000-0000-4000-8000-000000000001 providerId=p status=PROCESSED
2026/09/28 23:12:39 INFO transaction handled correlationId=correlation messageId="" transactionId=00000000-0000-4000-8000-000000000129 walletId=00000000-0000-4000-8000-000000000001 providerId=p status=REJECTED
2026/09/28 23:12:39 INFO transaction handled correlationId=correlation messageId=message-op-45 transactionId=00000000-0000-4000-8000-000000000131 walletId=00000000-0000-4000-8000-000000000001 providerId=p status=PROCESSED
2026/09/28 23:12:39 INFO transaction handled correlationId=correlation messageId="" transactionId=00000000-0000-4000-8000-000000000133 walletId=00000000-0000-4000-8000-000000000001 providerId=p status=REJECTED
2026/09/28 23:12:39 INFO transaction handled correlationId=correlation messageId=message-op-47 transactionId=00000000-0000-4000-8000-000000000135 walletId=00000000-0000-4000-8000-000000000001 providerId=p status=REJECTED
2026/09/28 23:12:39 INFO transaction handled correlationId=correlation messageId="" transactionId=00000000-0000-4000-8000-000000000137 walletId=00000000-0000-4000-8000-000000000001 providerId=p status=REJECTED
2026/09/28 23:12:39 INFO transaction handled correlationId=correlation messageId=message-op-49 transactionId=00000000-0000-4000-8000-000000000139 walletId=00000000-0000-4000-8000-000000000001 providerId=p status=PROCESSED
2026/09/28 23:12:39 INFO transaction handled correlationId=correlation messageId=message-op-49 transactionId=00000000-0000-4000-8000-000000000139 walletId=00000000-0000-4000-8000-000000000001 providerId=p status=PROCESSED
2026/09/28 23:12:39 INFO transaction handled correlationId=correlation messageId="" transactionId=00000000-0000-4000-8000-000000000144 walletId=00000000-0000-4000-8000-000000000001 providerId=p status=REJECTED
2026/09/28 23:12:39 INFO transaction handled correlationId=correlation messageId=message-op-51 transactionId=00000000-0000-4000-8000-000000000146 walletId=00000000-0000-4000-8000-000000000001 providerId=p status=REJECTED
2026/09/28 23:12:39 INFO transaction handled correlationId=correlation messageId="" transactionId=00000000-0000-4000-8000-000000000148 walletId=00000000-0000-4000-8000-000000000001 providerId=p status=PROCESSED
2026/09/28 23:12:39 INFO transaction handled correlationId=correlation messageId=message-op-53 transactionId=00000000-0000-4000-8000-000000000152 walletId=00000000-0000-4000-8000-000000000001 providerId=p status=PROCESSED
2026/09/28 23:12:39 INFO transaction handled correlationId=correlation messageId="" transactionId=00000000-0000-4000-8000-000000000156 walletId=00000000-0000-4000-8000-000000000001 providerId=p status=REJECTED
2026/09/28 23:12:39 INFO transaction handled correlationId=correlation messageId=message-op-55 transactionId=00000000-0000-4000-8000-000000000158 walletId=00000000-0000-4000-8000-000000000001 providerId=p status=PROCESSED
2026/09/28 23:12:39 INFO transaction handled correlationId=correlation messageId="" transactionId=00000000-0000-4000-8000-000000000160 walletId=00000000-0000-4000-8000-000000000001 providerId=p status=PROCESSED
2026/09/28 23:12:39 INFO transaction handled correlationId=correlation messageId="" transactionId=00000000-0000-4000-8000-000000000160 walletId=00000000-0000-4000-8000-000000000001 providerId=p status=PROCESSED
2026/09/28 23:12:39 INFO transaction handled correlationId=correlation messageId=message-op-57 transactionId=00000000-0000-4000-8000-000000000163 walletId=00000000-0000-4000-8000-000000000001 providerId=p status=PROCESSED
2026/09/28 23:12:39 INFO transaction handled correlationId=correlation messageId="" transactionId=00000000-0000-4000-8000-000000000167 walletId=00000000-0000-4000-8000-000000000001 providerId=p status=REJECTED
2026/09/28 23:12:39 INFO transaction handled correlationId=correlation messageId=message-op-59 transactionId=00000000-0000-4000-8000-000000000169 walletId=00000000-0000-4000-8000-000000000001 providerId=p status=REJECTED
2026/09/28 23:12:39 INFO transaction handled correlationId=correlation messageId="" transactionId=00000000-0000-4000-8000-000000000171 walletId=00000000-0000-4000-8000-000000000001 providerId=p status=PROCESSED
2026/09/28 23:12:39 INFO transaction handled correlationId=correlation messageId=message-op-61 transactionId=00000000-0000-4000-8000-000000000175 walletId=00000000-0000-4000-8000-000000000001 providerId=p status=PROCESSED
2026/09/28 23:12:39 INFO transaction handled correlationId=correlation messageId="" transactionId=00000000-0000-4000-8000-000000000177 walletId=00000000-0000-4000-8000-000000000001 providerId=p status=PROCESSED
2026/09/28 23:12:39 INFO transaction handled correlationId=correlation messageId=message-op-63 transactionId=00000000-0000-4000-8000-000000000181 walletId=00000000-0000-4000-8000-000000000001 providerId=p status=REJECTED
2026/09/28 23:12:39 INFO transaction handled correlationId=correlation messageId=message-op-63 transactionId=00000000-0000-4000-8000-000000000181 walletId=00000000-0000-4000-8000-000000000001 providerId=p status=REJECTED
2026/09/28 23:12:39 INFO transaction handled correlationId=correlation messageId="" transactionId=00000000-0000-4000-8000-000000000184 walletId=00000000-0000-4000-8000-000000000001 providerId=p status=PROCESSED
2026/09/28 23:12:39 INFO transaction handled correlationId=correlation messageId=message-op-65 transactionId=00000000-0000-4000-8000-000000000188 walletId=00000000-0000-4000-8000-000000000001 providerId=p status=PROCESSED
2026/09/28 23:12:39 INFO transaction handled correlationId=correlation messageId="" transactionId=00000000-0000-4000-8000-000000000192 walletId=00000000-0000-4000-8000-000000000001 providerId=p status=PROCESSED
2026/09/28 23:12:39 INFO transaction handled correlationId=correlation messageId=message-op-67 transactionId=00000000-0000-4000-8000-000000000194 walletId=00000000-0000-4000-8000-000000000001 providerId=p status=PROCESSED
2026/09/28 23:12:39 INFO transaction handled correlationId=correlation messageId="" transactionId=00000000-0000-4000-8000-000000000198 walletId=00000000-0000-4000-8000-000000000001 providerId=p status=REJECTED
2026/09/28 23:12:39 INFO transaction handled correlationId=correlation messageId=message-op-69 transactionId=00000000-0000-4000-8000-000000000200 walletId=00000000-0000-4000-8000-000000000001 providerId=p status=REJECTED
2026/09/28 23:12:39 INFO transaction handled correlationId=correlation messageId="" transactionId=00000000-0000-4000-8000-000000000202 walletId=00000000-0000-4000-8000-000000000001 providerId=p status=REJECTED
2026/09/28 23:12:39 INFO transaction handled correlationId=correlation messageId="" transactionId=00000000-0000-4000-8000-000000000202 walletId=00000000-0000-4000-8000-000000000001 providerId=p status=REJECTED
2026/09/28 23:12:39 INFO transaction handled correlationId=correlation messageId=message-op-71 transactionId=00000000-0000-4000-8000-000000000205 walletId=00000000-0000-4000-8000-000000000001 providerId=p status=PROCESSED
2026/09/28 23:12:39 INFO transaction handled correlationId=correlation messageId="" transactionId=00000000-0000-4000-8000-000000000209 walletId=00000000-0000-4000-8000-000000000001 providerId=p status=PROCESSED
2026/09/28 23:12:39 INFO transaction handled correlationId=correlation messageId=message-op-73 transactionId=00000000-0000-4000-8000-000000000211 walletId=00000000-0000-4000-8000-000000000001 providerId=p status=PROCESSED
2026/09/28 23:12:39 INFO transaction handled correlationId=correlation messageId="" transactionId=00000000-0000-4000-8000-000000000213 walletId=00000000-0000-4000-8000-000000000001 providerId=p status=PROCESSED
2026/09/28 23:12:39 INFO transaction handled correlationId=correlation messageId=message-op-75 transactionId=00000000-0000-4000-8000-000000000215 walletId=00000000-0000-4000-8000-000000000001 providerId=p status=PROCESSED
2026/09/28 23:12:39 INFO transaction handled correlationId=correlation messageId="" transactionId=00000000-0000-4000-8000-000000000219 walletId=00000000-0000-4000-8000-000000000001 providerId=p status=REJECTED
2026/09/28 23:12:39 INFO transaction handled correlationId=correlation messageId=message-op-77 transactionId=00000000-0000-4000-8000-000000000221 walletId=00000000-0000-4000-8000-000000000001 providerId=p status=PROCESSED
2026/09/28 23:12:39 INFO transaction handled correlationId=correlation messageId=message-op-77 transactionId=00000000-0000-4000-8000-000000000221 walletId=00000000-0000-4000-8000-000000000001 providerId=p status=PROCESSED
2026/09/28 23:12:39 INFO transaction handled correlationId=correlation messageId="" transactionId=00000000-0000-4000-8000-000000000226 walletId=00000000-0000-4000-8000-000000000001 providerId=p status=PROCESSED
2026/09/28 23:12:39 INFO transaction handled correlationId=correlation messageId=message-op-79 transactionId=00000000-0000-4000-8000-000000000230 walletId=00000000-0000-4000-8000-000000000001 providerId=p status=REJECTED
2026/09/28 23:12:39 INFO transaction handled correlationId=correlation messageId="" transactionId=00000000-0000-4000-8000-000000000006 walletId=00000000-0000-4000-8000-000000000001 providerId=p status=PENDING_REFERENCE
2026/09/28 23:12:39 INFO transaction handled correlationId=correlation messageId="" transactionId=00000000-0000-4000-8000-000000000006 walletId=00000000-0000-4000-8000-000000000001 providerId=p status=PENDING_REFERENCE
2026/09/28 23:12:39 INFO transaction handled correlationId=correlation messageId=message-op-1 transactionId=00000000-0000-4000-8000-000000000009 walletId=00000000-0000-4000-8000-000000000001 providerId=p status=PROCESSED
2026/09/28 23:12:39 INFO transaction handled correlationId=correlation messageId="" transactionId=00000000-0000-4000-8000-000000000013 walletId=00000000-0000-4000-8000-000000000001 providerId=p status=PROCESSED
2026/09/28 23:12:39 INFO transaction handled correlationId=correlation messageId=message-op-3 transactionId=00000000-0000-4000-8000-000000000017 walletId=00000000-0000-4000-8000-000000000001 providerId=p status=REJECTED
2026/09/28 23:12:39 INFO transaction handled correlationId=correlation messageId="" transactionId=00000000-0000-4000-8000-000000000019 walletId=00000000-0000-4000-8000-000000000001 providerId=p status=REJECTED
2026/09/28 23:12:39 INFO transaction handled correlationId=correlation messageId=message-op-5 transactionId=00000000-0000-4000-8000-000000000021 walletId=00000000-0000-4000-8000-000000000001 providerId=p status=PROCESSED
2026/09/28 23:12:39 INFO transaction handled correlationId=correlation messageId="" transactionId=00000000-0000-4000-8000-000000000023 walletId=00000000-0000-4000-8000-000000000001 providerId=p status=REJECTED
2026/09/28 23:12:39 INFO transaction handled correlationId=correlation messageId=message-op-7 transactionId=00000000-0000-4000-8000-000000000025 walletId=00000000-0000-4000-8000-000000000001 providerId=p status=REJECTED
2026/09/28 23:12:39 INFO transaction handled correlationId=correlation messageId=message-op-7 transactionId=00000000-0000-4000-8000-000000000025 walletId=00000000-0000-4000-8000-000000000001 providerId=p status=REJECTED
2026/09/28 23:12:39 INFO transaction handled correlationId=correlation messageId="" transactionId=00000000-0000-4000-8000-000000000028 walletId=00000000-0000-4000-8000-000000000001 providerId=p status=REJECTED
2026/09/28 23:12:39 INFO transaction handled correlationId=correlation messageId=message-op-9 transactionId=00000000-0000-4000-8000-000000000030 walletId=00000000-0000-4000-8000-000000000001 providerId=p status=PROCESSED
2026/09/28 23:12:39 INFO transaction handled correlationId=correlation messageId="" transactionId=00000000-0000-4000-8000-000000000034 walletId=00000000-0000-4000-8000-000000000001 providerId=p status=PENDING_REFERENCE
2026/09/28 23:12:39 INFO transaction handled correlationId=correlation messageId=message-op-11 transactionId=00000000-0000-4000-8000-000000000036 walletId=00000000-0000-4000-8000-000000000001 providerId=p status=REJECTED
2026/09/28 23:12:39 INFO transaction handled correlationId=correlation messageId="" transactionId=00000000-0000-4000-8000-000000000038 walletId=00000000-0000-4000-8000-000000000001 providerId=p status=PROCESSED
2026/09/28 23:12:39 INFO transaction handled correlationId=correlation messageId=message-op-13 transactionId=00000000-0000-4000-8000-000000000040 walletId=00000000-0000-4000-8000-000000000001 providerId=p status=PROCESSED
2026/09/28 23:12:39 INFO transaction handled correlationId=correlation messageId="" transactionId=00000000-0000-4000-8000-000000000042 walletId=00000000-0000-4000-8000-000000000001 providerId=p status=PROCESSED
2026/09/28 23:12:39 INFO transaction handled correlationId=correlation messageId="" transactionId=00000000-0000-4000-8000-000000000042 walletId=00000000-0000-4000-8000-000000000001 providerId=p status=PROCESSED
2026/09/28 23:12:39 INFO transaction handled correlationId=correlation messageId=message-op-15 transactionId=00000000-0000-4000-8000-000000000047 walletId=00000000-0000-4000-8000-000000000001 providerId=p status=REJECTED
2026/09/28 23:12:39 INFO transaction handled correlationId=correlation messageId="" transactionId=00000000-0000-4000-8000-000000000049 walletId=00000000-0000-4000-8000-000000000001 providerId=p status=REJECTED
2026/09/28 23:12:39 INFO transaction handled correlationId=correlation messageId=message-op-17 transactionId=00000000-0000-4000-8000-000000000051 walletId=00000000-0000-4000-8000-000000000001 providerId=p status=PROCESSED
2026/09/28 23:12:39 INFO transaction handled correlationId=correlation messageId="" transactionId=00000000-0000-4000-8000-000000000053 walletId=00000000-0000-4000-8000-000000000001 providerId=p status=REJECTED
2026/09/28 23:12:39 INFO transaction handled correlationId=correlation messageId=message-op-19 transactionId=00000000-0000-4000-8000-000000000055 walletId=00000000-0000-4000-8000-000000000001 providerId=p status=PROCESSED
2026/09/28 23:12:39 INFO transaction handled correlationId=correlation messageId="" transactionId=00000000-0000-4000-8000-000000000059 walletId=00000000-0000-4000-8000-000000000001 providerId=p status=PROCESSED
2026/09/28 23:12:39 INFO transaction handled correlationId=correlation messageId=message-op-21 transactionId=00000000-0000-4000-8000-000000000063 walletId=00000000-0000-4000-8000-000000000001 providerId=p status=PROCESSED
2026/09/28 23:12:39 INFO transaction handled correlationId=correlation messageId=message-op-21 transactionId=00000000-0000-4000-8000-000000000063 walletId=00000000-0000-4000-8000-000000000001 providerId=p status=PROCESSED
2026/09/28 23:12:39 INFO transaction handled correlationId=correlation messageId="" transactionId=00000000-0000-4000-8000-000000000066 walletId=00000000-0000-4000-8000-000000000001 providerId=p status=REJECTED
2026/09/28 23:12:39 INFO transaction handled correlationId=correlation messageId=message-op-23 transactionId=00000000-0000-4000-8000-000000000068 walletId=00000000-0000-4000-8000-000000000001 providerId=p status=REJECTED
2026/09/28 23:12:39 INFO transaction handled correlationId=correlation messageId="" transactionId=00000000-0000-4000-8000-000000000070 walletId=00000000-0000-4000-8000-000000000001 providerId=p status=REJECTED
2026/09/28 23:12:39 INFO transaction handled correlationId=correlation messageId=message-op-25 transactionId=00000000-0000-4000-8000-000000000072 walletId=00000000-0000-4000-8000-000000000001 providerId=p status=PROCESSED
2026/09/28 23:12:39 INFO transaction handled correlationId=correlation messageId="" transactionId=00000000-0000-4000-8000-000000000076 walletId=00000000-0000-4000-8000-000000000001 providerId=p status=PROCESSED
2026/09/28 23:12:39 INFO transaction handled correlationId=correlation messageId=message-op-27 transactionId=00000000-0000-4000-8000-000000000080 walletId=00000000-0000-4000-8000-000000000001 providerId=p status=PROCESSED
2026/09/28 23:12:39 INFO transaction handled correlationId=correlation messageId="" transactionId=00000000-0000-4000-8000-000000000084 walletId=00000000-0000-4000-8000-000000000001 providerId=p status=REJECTED
2026/09/28 23:12:39 INFO transaction handled correlationId=correlation messageId="" transactionId=00000000-0000-4000-8000-000000000084 walletId=00000000-0000-4000-8000-000000000001 providerId=p status=REJECTED
2026/09/28 23:12:39 INFO transaction handled correlationId=correlation messageId=message-op-29 transactionId=00000000-0000-4000-8000-000000000087 walletId=00000000-0000-4000-8000-000000000001 providerId=p status=REJECTED
2026/09/28 23:12:39 INFO transaction handled correlationId=correlation messageId="" transactionId=00000000-0000-4000-8000-000000000089 walletId=00000000-0000-4000-8000-000000000001 providerId=p status=REJECTED
2026/09/28 23:12:39 INFO transaction handled correlationId=correlation messageId=message-op-31 transactionId=00000000-0000-4000-8000-000000000091 walletId=00000000-0000-4000-8000-000000000001 providerId=p status=REJECTED
2026/09/28 23:12:39 INFO transaction handled correlationId=correlation messageId="" transactionId=00000000-0000-4000-8000-000000000093 walletId=00000000-0000-4000-8000-000000000001 providerId=p status=REJECTED
2026/09/28 23:12:39 INFO transaction handled correlationId=correlation messageId=message-op-33 transactionId=00000000-0000-4000-8000-000000000095 walletId=00000000-0000-4000-8000-000000000001 providerId=p status=PROCESSED
2026/09/28 23:12:39 INFO transaction handled correlationId=correlation messageId="" transactionId=00000000-0000-4000-8000-000000000099 walletId=00000000-0000-4000-8000-000000000001 providerId=p status=REJECTED
2026/09/28 23:12:39 INFO transaction handled correlationId=correlation messageId=message-op-35 transactionId=00000000-0000-4000-8000-000000000101 walletId=00000000-0000-4000-8000-000000000001 providerId=p status=PROCESSED
2026/09/28 23:12:39 INFO transaction handled correlationId=correlation messageId=message-op-35 transactionId=00000000-0000-4000-8000-000000000101 walletId=00000000-0000-4000-8000-000000000001 providerId=p status=PROCESSED
2026/09/28 23:12:39 INFO transaction handled correlationId=correlation messageId="" transactionId=00000000-0000-4000-8000-000000000106 walletId=00000000-0000-4000-8000-000000000001 providerId=p status=REJECTED
2026/09/28 23:12:39 INFO transaction handled correlationId=correlation messageId=message-op-37 transactionId=00000000-0000-4000-8000-000000000108 walletId=00000000-0000-4000-8000-000000000001 providerId=p status=REJECTED
2026/09/28 23:12:39 INFO transaction handled correlationId=correlation messageId="" transactionId=00000000-0000-4000-8000-000000000110 walletId=00000000-0000-4000-8000-000000000001 providerId=p status=REJECTED
2026/09/28 23:12:39 INFO transaction handled correlationId=correlation messageId=message-op-39 transactionId=00000000-0000-4000-8000-000000000112 walletId=00000000-0000-4000-8000-000000000001 providerId=p status=REJECTED
2026/09/28 23:12:39 INFO transaction handled correlationId=correlation messageId="" transactionId=00000000-0000-4000-8000-000000000114 walletId=00000000-0000-4000-8000-000000000001 providerId=p status=REJECTED
2026/09/28 23:12:39 INFO transaction handled correlationId=correlation messageId=message-op-41 transactionId=00000000-0000-4000-8000-000000000116 walletId=00000000-0000-4000-8000-000000000001 providerId=p status=PROCESSED
2026/09/28 23:12:39 INFO transaction handled correlationId=correlation messageId="" transactionId=00000000-0000-4000-8000-000000000120 walletId=00000000-0000-4000-8000-000000000001 providerId=p status=PROCESSED
2026/09/28 23:12:39 INFO transaction handled correlationId=correlation messageId="" transactionId=00000000-0000-4000-8000-000000000120 walletId=00000000-0000-4000-8000-000000000001 providerId=p status=PROCESSED
2026/09/28 23:12:39 INFO transaction handled correlationId=correlation messageId=message-op-43 transactionId=00000000-0000-4000-8000-000000000125 walletId=00000000-0000-4000-8000-000000000001 providerId=p status=REJECTED
2026/09/28 23:12:39 INFO transaction handled correlationId=correlation messageId="" transactionId=00000000-0000-4000-8000-000000000127 walletId=00000000-0000-4000-8000-000000000001 providerId=p status=REJECTED
2026/09/28 23:12:39 INFO transaction handled correlationId=correlation messageId=message-op-45 transactionId=00000000-0000-4000-8000-000000000129 walletId=00000000-0000-4000-8000-000000000001 providerId=p status=PROCESSED
2026/09/28 23:12:39 INFO transaction handled correlationId=correlation messageId="" transactionId=00000000-0000-4000-8000-000000000133 walletId=00000000-0000-4000-8000-000000000001 providerId=p status=REJECTED
2026/09/28 23:12:39 INFO transaction handled correlationId=correlation messageId=message-op-47 transactionId=00000000-0000-4000-8000-000000000135 walletId=00000000-0000-4000-8000-000000000001 providerId=p status=PROCESSED
2026/09/28 23:12:39 INFO transaction handled correlationId=correlation messageId="" transactionId=00000000-0000-4000-8000-000000000137 walletId=00000000-0000-4000-8000-000000000001 providerId=p status=PROCESSED
2026/09/28 23:12:39 INFO transaction handled correlationId=correlation messageId=message-op-49 transactionId=00000000-0000-4000-8000-000000000141 walletId=00000000-0000-4000-8000-000000000001 providerId=p status=PROCESSED
2026/09/28 23:12:39 INFO transaction handled correlationId=correlation messageId=message-op-49 transactionId=00000000-0000-4000-8000-000000000141 walletId=00000000-0000-4000-8000-000000000001 providerId=p status=PROCESSED
2026/09/28 23:12:39 INFO transaction handled correlationId=correlation messageId="" transactionId=00000000-0000-4000-8000-000000000146 walletId=00000000-0000-4000-8000-000000000001 providerId=p status=REJECTED
2026/09/28 23:12:39 INFO transaction handled correlationId=correlation messageId=message-op-51 transactionId=00000000-0000-4000-8000-000000000148 walletId=00000000-0000-4000-8000-000000000001 providerId=p status=PROCESSED
2026/09/28 23:12:39 INFO transaction handled correlationId=correlation messageId="" transactionId=00000000-0000-4000-8000-000000000152 walletId=00000000-0000-4000-8000-000000000001 providerId=p status=PROCESSED
2026/09/28 23:12:39 INFO transaction handled correlationId=correlation messageId=message-op-53 transactionId=00000000-0000-4000-8000-000000000156 walletId=00000000-0000-4000-8000-000000000001 providerId=p status=PROCESSED
2026/09/28 23:12:39 INFO transaction handled correlationId=correlation messageId="" transactionId=00000000-0000-4000-8000-000000000160 walletId=00000000-0000-4000-8000-000000000001 providerId=p status=PROCESSED
2026/09/28 23:12:39 INFO transaction handled correlationId=correlation messageId=message-op-55 transactionId=00000000-0000-4000-8000-000000000164 walletId=00000000-0000-4000-8000-000000000001 providerId=p status=PROCESSED
2026/09/28 23:12:39 INFO transaction handled correlationId=correlation messageId="" transactionId=00000000-0000-4000-8000-000000000168 walletId=00000000-0000-4000-8000-000000000001 providerId=p status=PROCESSED
2026/09/28 23:12:39 INFO transaction handled correlationId=correlation messageId="" transactionId=00000000-0000-4000-8000-000000000168 walletId=00000000-0000-4000-8000-000000000001 providerId=p status=PROCESSED
2026/09/28 23:12:39 INFO transaction handled correlationId=correlation messageId=message-op-57 transactionId=00000000-0000-4000-8000-000000000173 walletId=00000000-0000-4000-8000-000000000001 providerId=p status=REJECTED
2026/09/28 23:12:39 INFO transaction handled correlationId=correlation messageId="" transactionId=00000000-0000-4000-8000-000000000175 walletId=00000000-0000-4000-8000-000000000001 providerId=p status=PROCESSED
2026/09/28 23:12:39 INFO transaction handled correlationId=correlation messageId=message-op-59 transactionId=00000000-0000-4000-8000-000000000177 walletId=00000000-0000-4000-8000-000000000001 providerId=p status=REJECTED
2026/09/28 23:12:39 INFO transaction handled correlationId=correlation messageId="" transactionId=00000000-0000-4000-8000-000000000179 walletId=00000000-0000-4000-8000-000000000001 providerId=p status=REJECTED
2026/09/28 23:12:39 INFO transaction handled correlationId=correlation messageId=message-op-61 transactionId=00000000-0000-4000-8000-000000000181 walletId=00000000-0000-4000-8000-000000000001 providerId=p status=REJECTED
2026/09/28 23:12:39 INFO transaction handled correlationId=correlation messageId="" transactionId=00000000-0000-4000-8000-000000000183 walletId=00000000-0000-4000-8000-000000000001 providerId=p status=REJECTED
2026/09/28 23:12:39 INFO transaction handled correlationId=correlation messageId=message-op-63 transactionId=00000000-0000-4000-8000-000000000185 walletId=00000000-0000-4000-8000-000000000001 providerId=p status=PROCESSED
2026/09/28 23:12:39 INFO transaction handled correlationId=correlation messageId=message-op-63 transactionId=00000000-0000-4000-8000-000000000185 walletId=00000000-0000-4000-8000-000000000001 providerId=p status=PROCESSED
2026/09/28 23:12:39 INFO transaction handled correlationId=correlation messageId="" transactionId=00000000-0000-4000-8000-000000000190 walletId=00000000-0000-4000-8000-000000000001 providerId=p status=REJECTED
2026/09/28 23:12:39 INFO transaction handled correlationId=correlation messageId=message-op-65 transactionId=00000000-0000-4000-8000-000000000192 walletId=00000000-0000-4000-8000-000000000001 providerId=p status=REJECTED
2026/09/28 23:12:39 INFO transaction handled correlationId=correlation messageId="" transactionId=00000000-0000-4000-8000-000000000194 walletId=00000000-0000-4000-8000-000000000001 providerId=p status=REJECTED
2026/09/28 23:12:39 INFO transaction handled correlationId=correlation messageId=message-op-67 transactionId=00000000-0000-4000-8000-000000000196 walletId=00000000-0000-4000-8000-000000000001 providerId=p status=PROCESSED
2026/09/28 23:12:39 INFO transaction handled correlationId=correlation messageId="" transactionId=00000000-0000-4000-8000-000000000200 walletId=00000000-0000-4000-8000-000000000001 providerId=p status=REJECTED
2026/09/28 23:12:39 INFO transaction handled correlationId=correlation messageId=message-op-69 transactionId=00000000-0000-4000-8000-000000000202 walletId=00000000-0000-4000-8000-000000000001 providerId=p status=REJECTED
2026/09/28 23:12:39 INFO transaction handled correlationId=correlation messageId="" transactionId=00000000-0000-4000-8000-000000000204 walletId=00000000-0000-4000-8000-000000000001 providerId=p status=REJECTED
2026/09/28 23:12:39 INFO transaction handled correlationId=correlation messageId="" transactionId=00000000-0000-4000-8000-000000000204 walletId=00000000-0000-4000-8000-000000000001 providerId=p status=REJECTED
2026/09/28 23:12:39 INFO transaction handled correlationId=correlation messageId=message-op-71 transactionId=00000000-0000-4000-8000-000000000207 walletId=00000000-0000-4000-8000-000000000001 providerId=p status=REJECTED
2026/09/28 23:12:39 INFO transaction handled correlationId=correlation messageId="" transactionId=00000000-0000-4000-8000-000000000209 walletId=00000000-0000-4000-8000-000000000001 providerId=p status=PROCESSED
2026/09/28 23:12:39 INFO transaction handled correlationId=correlation messageId=message-op-73 transactionId=00000000-0000-4000-8000-000000000211 walletId=00000000-0000-4000-8000-000000000001 providerId=p status=PROCESSED
2026/09/28 23:12:39 INFO transaction handled correlationId=correlation messageId="" transactionId=00000000-0000-4000-8000-000000000213 walletId=00000000-0000-4000-8000-000000000001 providerId=p status=REJECTED
2026/09/28 23:12:39 INFO transaction handled correlationId=correlation messageId=message-op-75 transactionId=00000000-0000-4000-8000-000000000215 walletId=00000000-0000-4000-8000-000000000001 providerId=p status=PROCESSED
2026/09/28 23:12:39 INFO transaction handled correlationId=correlation messageId="" transactionId=00000000-0000-4000-8000-000000000219 walletId=00000000-0000-4000-8000-000000000001 providerId=p status=REJECTED
2026/09/28 23:12:39 INFO transaction handled correlationId=correlation messageId=message-op-77 transactionId=00000000-0000-4000-8000-000000000221 walletId=00000000-0000-4000-8000-000000000001 providerId=p status=PROCESSED
2026/09/28 23:12:39 INFO transaction handled correlationId=correlation messageId=message-op-77 transactionId=00000000-0000-4000-8000-000000000221 walletId=00000000-0000-4000-8000-000000000001 providerId=p status=PROCESSED
2026/09/28 23:12:39 INFO transaction handled correlationId=correlation messageId="" transactionId=00000000-0000-4000-8000-000000000226 walletId=00000000-0000-4000-8000-000000000001 providerId=p status=PROCESSED
2026/09/28 23:12:39 INFO transaction handled correlationId=correlation messageId=message-op-79 transactionId=00000000-0000-4000-8000-000000000228 walletId=00000000-0000-4000-8000-000000000001 providerId=p status=REJECTED
2026/09/28 23:12:39 INFO transaction handled correlationId=correlation messageId="" transactionId=00000000-0000-4000-8000-000000000006 walletId=00000000-0000-4000-8000-000000000001 providerId=p status=PENDING_REFERENCE
2026/09/28 23:12:39 INFO transaction handled correlationId=correlation messageId="" transactionId=00000000-0000-4000-8000-000000000006 walletId=00000000-0000-4000-8000-000000000001 providerId=p status=PENDING_REFERENCE
2026/09/28 23:12:39 INFO transaction handled correlationId=correlation messageId=message-op-1 transactionId=00000000-0000-4000-8000-000000000009 walletId=00000000-0000-4000-8000-000000000001 providerId=p status=REJECTED
2026/09/28 23:12:39 INFO transaction handled correlationId=correlation messageId="" transactionId=00000000-0000-4000-8000-000000000011 walletId=00000000-0000-4000-8000-000000000001 providerId=p status=PROCESSED
2026/09/28 23:12:39 INFO transaction handled correlationId=correlation messageId=message-op-3 transactionId=00000000-0000-4000-8000-000000000013 walletId=00000000-0000-4000-8000-000000000001 providerId=p status=REJECTED
2026/09/28 23:12:39 INFO transaction handled correlationId=correlation messageId="" transactionId=00000000-0000-4000-8000-000000000015 walletId=00000000-0000-4000-8000-000000000001 providerId=p status=PROCESSED
2026/09/28 23:12:39 INFO transaction handled correlationId=correlation messageId=message-op-5 transactionId=00000000-0000-4000-8000-000000000017 walletId=00000000-0000-4000-8000-000000000001 providerId=p status=REJECTED
2026/09/28 23:12:39 INFO transaction handled correlationId=correlation messageId="" transactionId=00000000-0000-4000-8000-000000000019 walletId=00000000-0000-4000-8000-000000000001 providerId=p status=REJECTED
2026/09/28 23:12:39 INFO transaction handled correlationId=correlation messageId=message-op-7 transactionId=00000000-0000-4000-8000-000000000021 walletId=00000000-0000-4000-8000-000000000001 providerId=p status=REJECTED
2026/09/28 23:12:39 INFO transaction handled correlationId=correlation messageId=message-op-7 transactionId=00000000-0000-4000-8000-000000000021 walletId=00000000-0000-4000-8000-000000000001 providerId=p status=REJECTED
2026/09/28 23:12:39 INFO transaction handled correlationId=correlation messageId="" transactionId=00000000-0000-4000-8000-000000000024 walletId=00000000-0000-4000-8000-000000000001 providerId=p status=REJECTED
2026/09/28 23:12:39 INFO transaction handled correlationId=correlation messageId=message-op-9 transactionId=00000000-0000-4000-8000-000000000026 walletId=00000000-0000-4000-8000-000000000001 providerId=p status=PROCESSED
2026/09/28 23:12:39 INFO transaction handled correlationId=correlation messageId="" transactionId=00000000-0000-4000-8000-000000000028 walletId=00000000-0000-4000-8000-000000000001 providerId=p status=REJECTED
2026/09/28 23:12:39 INFO transaction handled correlationId=correlation messageId=message-op-11 transactionId=00000000-0000-4000-8000-000000000030 walletId=00000000-0000-4000-8000-000000000001 providerId=p status=PROCESSED
2026/09/28 23:12:39 INFO transaction handled correlationId=correlation messageId="" transactionId=00000000-0000-4000-8000-000000000032 walletId=00000000-0000-4000-8000-000000000001 providerId=p status=REJECTED
2026/09/28 23:12:39 INFO transaction handled correlationId=correlation messageId=message-op-13 transactionId=00000000-0000-4000-8000-000000000034 walletId=00000000-0000-4000-8000-000000000001 providerId=p status=PROCESSED
2026/09/28 23:12:39 INFO transaction handled correlationId=correlation messageId="" transactionId=00000000-0000-4000-8000-000000000038 walletId=00000000-0000-4000-8000-000000000001 providerId=p status=REJECTED
2026/09/28 23:12:39 INFO transaction handled correlationId=correlation messageId="" transactionId=00000000-0000-4000-8000-000000000038 walletId=00000000-0000-4000-8000-000000000001 providerId=p status=REJECTED
2026/09/28 23:12:39 INFO transaction handled correlationId=correlation messageId=message-op-15 transactionId=00000000-0000-4000-8000-000000000041 walletId=00000000-0000-4000-8000-000000000001 providerId=p status=REJECTED
2026/09/28 23:12:39 INFO transaction handled correlationId=correlation messageId="" transactionId=00000000-0000-4000-8000-000000000043 walletId=00000000-0000-4000-8000-000000000001 providerId=p status=REJECTED
2026/09/28 23:12:39 INFO transaction handled correlationId=correlation messageId=message-op-17 transactionId=00000000-0000-4000-8000-000000000045 walletId=00000000-0000-4000-8000-000000000001 providerId=p status=PROCESSED
2026/09/28 23:12:39 INFO transaction handled correlationId=correlation messageId="" transactionId=00000000-0000-4000-8000-000000000047 walletId=00000000-0000-4000-8000-000000000001 providerId=p status=REJECTED
2026/09/28 23:12:39 INFO transaction handled correlationId=correlation messageId=message-op-19 transactionId=00000000-0000-4000-8000-000000000049 walletId=00000000-0000-4000-8000-000000000001 providerId=p status=PROCESSED
2026/09/28 23:12:39 INFO transaction handled correlationId=correlation messageId="" transactionId=00000000-0000-4000-8000-000000000051 walletId=00000000-0000-4000-8000-000000000001 providerId=p status=REJECTED
2026/09/28 23:12:39 INFO transaction handled correlationId=correlation messageId=message-op-21 transactionId=00000000-0000-4000-8000-000000000053 walletId=00000000-0000-4000-8000-000000000001 providerId=p status=REJECTED
2026/09/28 23:12:39 INFO transaction handled correlationId=correlation messageId=message-op-21 transactionId=00000000-0000-4000-8000-000000000053 walletId=00000000-0000-4000-8000-000000000001 providerId=p status=REJECTED
2026/09/28 23:12:39 INFO transaction handled correlationId=correlation messageId="" transactionId=00000000-0000-4000-8000-000000000056 walletId=00000000-0000-4000-8000-000000000001 providerId=p status=REJECTED
2026/09/28 23:12:39 INFO transaction handled correlationId=correlation messageId=message-op-23 transactionId=00000000-0000-4000-8000-000000000058 walletId=00000000-0000-4000-8000-000000000001 providerId=p status=REJECTED
2026/09/28 23:12:39 INFO transaction handled correlationId=correlation messageId="" transactionId=00000000-0000-4000-8000-000000000060 walletId=00000000-0000-4000-8000-000000000001 providerId=p status=REJECTED
2026/09/28 23:12:39 INFO transaction handled correlationId=correlation messageId=message-op-25 transactionId=00000000-0000-4000-8000-000000000062 walletId=00000000-0000-4000-8000-000000000001 providerId=p status=REJECTED
2026/09/28 23:12:39 INFO transaction handled correlationId=correlation messageId="" transactionId=00000000-0000-4000-8000-000000000064 walletId=00000000-0000-4000-8000-000000000001 providerId=p status=PROCESSED
2026/09/28 23:12:39 INFO transaction handled correlationId=correlation messageId=message-op-27 transactionId=00000000-0000-4000-8000-000000000068 walletId=00000000-0000-4000-8000-000000000001 providerId=p status=PROCESSED
2026/09/28 23:12:39 INFO transaction handled correlationId=correlation messageId="" transactionId=00000000-0000-4000-8000-000000000072 walletId=00000000-0000-4000-8000-000000000001 providerId=p status=PROCESSED
2026/09/28 23:12:39 INFO transaction handled correlationId=correlation messageId="" transactionId=00000000-0000-4000-8000-000000000072 walletId=00000000-0000-4000-8000-000000000001 providerId=p status=PROCESSED
2026/09/28 23:12:39 INFO transaction handled correlationId=correlation messageId=message-op-29 transactionId=00000000-0000-4000-8000-000000000077 walletId=00000000-0000-4000-8000-000000000001 providerId=p status=PROCESSED
2026/09/28 23:12:39 INFO transaction handled correlationId=correlation messageId="" transactionId=00000000-0000-4000-8000-000000000081 walletId=00000000-0000-4000-8000-000000000001 providerId=p status=REJECTED
2026/09/28 23:12:39 INFO transaction handled correlationId=correlation messageId=message-op-31 transactionId=00000000-0000-4000-8000-000000000083 walletId=00000000-0000-4000-8000-000000000001 providerId=p status=REJECTED
2026/09/28 23:12:39 INFO transaction handled correlationId=correlation messageId="" transactionId=00000000-0000-4000-8000-000000000085 walletId=00000000-0000-4000-8000-000000000001 providerId=p status=PROCESSED
2026/09/28 23:12:39 INFO transaction handled correlationId=correlation messageId=message-op-33 transactionId=00000000-0000-4000-8000-000000000087 walletId=00000000-0000-4000-8000-000000000001 providerId=p status=REJECTED
2026/09/28 23:12:39 INFO transaction handled correlationId=correlation messageId="" transactionId=00000000-0000-4000-8000-000000000089 walletId=00000000-0000-4000-8000-000000000001 providerId=p status=REJECTED
2026/09/28 23:12:39 INFO transaction handled correlationId=correlation messageId=message-op-35 transactionId=00000000-0000-4000-8000-000000000091 walletId=00000000-0000-4000-8000-000000000001 providerId=p status=REJECTED
2026/09/28 23:12:39 INFO transaction handled correlationId=correlation messageId=message-op-35 transactionId=00000000-0000-4000-8000-000000000091 walletId=00000000-0000-4000-8000-000000000001 providerId=p status=REJECTED
2026/09/28 23:12:39 INFO transaction handled correlationId=correlation messageId="" transactionId=00000000-0000-4000-8000-000000000094 walletId=00000000-0000-4000-8000-000000000001 providerId=p status=PROCESSED
2026/09/28 23:12:39 INFO transaction handled correlationId=correlation messageId=message-op-37 transactionId=00000000-0000-4000-8000-000000000096 walletId=00000000-0000-4000-8000-000000000001 providerId=p status=REJECTED
2026/09/28 23:12:39 INFO transaction handled correlationId=correlation messageId="" transactionId=00000000-0000-4000-8000-000000000098 walletId=00000000-0000-4000-8000-000000000001 providerId=p status=PROCESSED
2026/09/28 23:12:39 INFO transaction handled correlationId=correlation messageId=message-op-39 transactionId=00000000-0000-4000-8000-000000000100 walletId=00000000-0000-4000-8000-000000000001 providerId=p status=PROCESSED
2026/09/28 23:12:39 INFO transaction handled correlationId=correlation messageId="" transactionId=00000000-0000-4000-8000-000000000104 walletId=00000000-0000-4000-8000-000000000001 providerId=p status=PROCESSED
2026/09/28 23:12:39 INFO transaction handled correlationId=correlation messageId=message-op-41 transactionId=00000000-0000-4000-8000-000000000106 walletId=00000000-0000-4000-8000-000000000001 providerId=p status=PROCESSED
2026/09/28 23:12:39 INFO transaction handled correlationId=correlation messageId="" transactionId=00000000-0000-4000-8000-000000000108 walletId=00000000-0000-4000-8000-000000000001 providerId=p status=REJECTED
2026/09/28 23:12:39 INFO transaction handled correlationId=correlation messageId="" transactionId=00000000-0000-4000-8000-000000000108 walletId=00000000-0000-4000-8000-000000000001 providerId=p status=REJECTED
2026/09/28 23:12:39 INFO transaction handled correlationId=correlation messageId=message-op-43 transactionId=00000000-0000-4000-8000-000000000111 walletId=00000000-0000-4000-8000-000000000001 providerId=p status=PROCESSED
2026/09/28 23:12:39 INFO transaction handled correlationId=correlation messageId="" transactionId=00000000-0000-4000-8000-000000000113 walletId=00000000-0000-4000-8000-000000000001 providerId=p status=PROCESSED
2026/09/28 23:12:39 INFO transaction handled correlationId=correlation messageId=message-op-45 transactionId=00000000-0000-4000-8000-000000000117 walletId=00000000-0000-4000-8000-000000000001 providerId=p status=REJECTED
2026/09/28 23:12:39 INFO transaction handled correlationId=correlation messageId="" transactionId=00000000-0000-4000-8000-000000000119 walletId=00000000-0000-4000-8000-000000000001 providerId=p status=REJECTED
2026/09/28 23:12:39 INFO transaction handled correlationId=correlation messageId=message-op-47 transactionId=00000000-0000-4000-8000-000000000121 walletId=00000000-0000-4000-8000-000000000001 providerId=p status=PROCESSED
2026/09/28 23:12:39 INFO transaction handled correlationId=correlation messageId="" transactionId=00000000-0000-4000-8000-000000000125 walletId=00000000-0000-4000-8000-000000000001 providerId=p status=PROCESSED
2026/09/28 23:12:39 INFO transaction handled correlationId=correlation messageId=message-op-49 transactionId=00000000-0000-4000-8000-000000000127 walletId=00000000-0000-4000-8000-000000000001 providerId=p status=PROCESSED
2026/09/28 23:12:39 INFO transaction handled correlationId=correlation messageId=message-op-49 transactionId=00000000-0000-4000-8000-000000000127 walletId=00000000-0000-4000-8000-000000000001 providerId=p status=PROCESSED
2026/09/28 23:12:39 INFO transaction handled correlationId=correlation messageId="" transactionId=00000000-0000-4000-8000-000000000132 walletId=00000000-0000-4000-8000-000000000001 providerId=p status=REJECTED
2026/09/28 23:12:39 INFO transaction handled correlationId=correlation messageId=message-op-51 transactionId=00000000-0000-4000-8000-000000000134 walletId=00000000-0000-4000-8000-000000000001 providerId=p status=REJECTED
2026/09/28 23:12:39 INFO transaction handled correlationId=correlation messageId="" transactionId=00000000-0000-4000-8000-000000000136 walletId=00000000-0000-4000-8000-000000000001 providerId=p status=PROCESSED
2026/09/28 23:12:39 INFO transaction handled correlationId=correlation messageId=message-op-53 transactionId=00000000-0000-4000-8000-000000000140 walletId=00000000-0000-4000-8000-000000000001 providerId=p status=PROCESSED
2026/09/28 23:12:39 INFO transaction handled correlationId=correlation messageId="" transactionId=00000000-0000-4000-8000-000000000144 walletId=00000000-0000-4000-8000-000000000001 providerId=p status=PROCESSED
2026/09/28 23:12:39 INFO transaction handled correlationId=correlation messageId=message-op-55 transactionId=00000000-0000-4000-8000-000000000148 walletId=00000000-0000-4000-8000-000000000001 providerId=p status=PROCESSED
2026/09/28 23:12:39 INFO transaction handled correlationId=correlation messageId="" transactionId=00000000-0000-4000-8000-000000000152 walletId=00000000-0000-4000-8000-000000000001 providerId=p status=REJECTED
2026/09/28 23:12:39 INFO transaction handled correlationId=correlation messageId="" transactionId=00000000-0000-4000-8000-000000000152 walletId=00000000-0000-4000-8000-000000000001 providerId=p status=REJECTED
2026/09/28 23:12:39 INFO transaction handled correlationId=correlation messageId=message-op-57 transactionId=00000000-0000-4000-8000-000000000155 walletId=00000000-0000-4000-8000-000000000001 providerId=p status=PROCESSED
2026/09/28 23:12:39 INFO transaction handled correlationId=correlation messageId="" transactionId=00000000-0000-4000-8000-000000000159 walletId=00000000-0000-4000-8000-000000000001 providerId=p status=REJECTED
2026/09/28 23:12:39 INFO transaction handled correlationId=correlation messageId=message-op-59 transactionId=00000000-0000-4000-8000-000000000161 walletId=00000000-0000-4000-8000-000000000001 providerId=p status=REJECTED
2026/09/28 23:12:39 INFO transaction handled correlationId=correlation messageId="" transactionId=00000000-0000-4000-8000-000000000163 walletId=00000000-0000-4000-8000-000000000001 providerId=p status=REJECTED
2026/09/28 23:12:39 INFO transaction handled correlationId=correlation messageId=message-op-61 transactionId=00000000-0000-4000-8000-000000000165 walletId=00000000-0000-4000-8000-000000000001 providerId=p status=REJECTED
2026/09/28 23:12:39 INFO transaction handled correlationId=correlation messageId="" transactionId=00000000-0000-4000-8000-000000000167 walletId=00000000-0000-4000-8000-000000000001 providerId=p status=REJECTED
2026/09/28 23:12:39 INFO transaction handled correlationId=correlation messageId=message-op-63 transactionId=00000000-0000-4000-8000-000000000169 walletId=00000000-0000-4000-8000-000000000001 providerId=p status=REJECTED
2026/09/28 23:12:39 INFO transaction handled correlationId=correlation messageId=message-op-63 transactionId=00000000-0000-4000-8000-000000000169 walletId=00000000-0000-4000-8000-000000000001 providerId=p status=REJECTED
2026/09/28 23:12:39 INFO transaction handled correlationId=correlation messageId="" transactionId=00000000-0000-4000-8000-000000000172 walletId=00000000-0000-4000-8000-000000000001 providerId=p status=REJECTED
2026/09/28 23:12:39 INFO transaction handled correlationId=correlation messageId=message-op-65 transactionId=00000000-0000-4000-8000-000000000174 walletId=00000000-0000-4000-8000-000000000001 providerId=p status=REJECTED
2026/09/28 23:12:39 INFO transaction handled correlationId=correlation messageId="" transactionId=00000000-0000-4000-8000-000000000176 walletId=00000000-0000-4000-8000-000000000001 providerId=p status=REJECTED
2026/09/28 23:12:39 INFO transaction handled correlationId=correlation messageId=message-op-67 transactionId=00000000-0000-4000-8000-000000000178 walletId=00000000-0000-4000-8000-000000000001 providerId=p status=REJECTED
2026/09/28 23:12:39 INFO transaction handled correlationId=correlation messageId="" transactionId=00000000-0000-4000-8000-000000000180 walletId=00000000-0000-4000-8000-000000000001 providerId=p status=REJECTED
2026/09/28 23:12:39 INFO transaction handled correlationId=correlation messageId=message-op-69 transactionId=00000000-0000-4000-8000-000000000182 walletId=00000000-0000-4000-8000-000000000001 providerId=p status=REJECTED
2026/09/28 23:12:39 INFO transaction handled correlationId=correlation messageId="" transactionId=00000000-0000-4000-8000-000000000184 walletId=00000000-0000-4000-8000-000000000001 providerId=p status=REJECTED
2026/09/28 23:12:39 INFO transaction handled correlationId=correlation messageId="" transactionId=00000000-0000-4000-8000-000000000184 walletId=00000000-0000-4000-8000-000000000001 providerId=p status=REJECTED
2026/09/28 23:12:39 INFO transaction handled correlationId=correlation messageId=message-op-71 transactionId=00000000-0000-4000-8000-000000000187 walletId=00000000-0000-4000-8000-000000000001 providerId=p status=PROCESSED
2026/09/28 23:12:39 INFO transaction handled correlationId=correlation messageId="" transactionId=00000000-0000-4000-8000-000000000191 walletId=00000000-0000-4000-8000-000000000001 providerId=p status=REJECTED
2026/09/28 23:12:39 INFO transaction handled correlationId=correlation messageId=message-op-73 transactionId=00000000-0000-4000-8000-000000000193 walletId=00000000-0000-4000-8000-000000000001 providerId=p status=PROCESSED
2026/09/28 23:12:39 INFO transaction handled correlationId=correlation messageId="" transactionId=00000000-0000-4000-8000-000000000195 walletId=00000000-0000-4000-8000-000000000001 providerId=p status=PROCESSED
2026/09/28 23:12:39 INFO transaction handled correlationId=correlation messageId=message-op-75 transactionId=00000000-0000-4000-8000-000000000199 walletId=00000000-0000-4000-8000-000000000001 providerId=p status=PROCESSED
2026/09/28 23:12:39 INFO transaction handled correlationId=correlation messageId="" transactionId=00000000-0000-4000-8000-000000000201 walletId=00000000-0000-4000-8000-000000000001 providerId=p status=PROCESSED
2026/09/28 23:12:39 INFO transaction handled correlationId=correlation messageId=message-op-77 transactionId=00000000-0000-4000-8000-000000000205 walletId=00000000-0000-4000-8000-000000000001 providerId=p status=REJECTED
2026/09/28 23:12:39 INFO transaction handled correlationId=correlation messageId=message-op-77 transactionId=00000000-0000-4000-8000-000000000205 walletId=00000000-0000-4000-8000-000000000001 providerId=p status=REJECTED
2026/09/28 23:12:39 INFO transaction handled correlationId=correlation messageId="" transactionId=00000000-0000-4000-8000-000000000208 walletId=00000000-0000-4000-8000-000000000001 providerId=p status=REJECTED
2026/09/28 23:12:39 INFO transaction handled correlationId=correlation messageId=message-op-79 transactionId=00000000-0000-4000-8000-000000000210 walletId=00000000-0000-4000-8000-000000000001 providerId=p status=REJECTED
2026/09/28 23:12:39 INFO transaction handled correlationId=correlation messageId="" transactionId=00000000-0000-4000-8000-000000000006 walletId=00000000-0000-4000-8000-000000000001 providerId=p status=PROCESSED
2026/09/28 23:12:39 INFO transaction handled correlationId=correlation messageId="" transactionId=00000000-0000-4000-8000-000000000006 walletId=00000000-0000-4000-8000-000000000001 providerId=p status=PROCESSED
2026/09/28 23:12:39 INFO transaction handled correlationId=correlation messageId=message-op-1 transactionId=00000000-0000-4000-8000-000000000011 walletId=00000000-0000-4000-8000-000000000001 providerId=p status=PROCESSED
2026/09/28 23:12:39 INFO transaction handled correlationId=correlation messageId="" transactionId=00000000-0000-4000-8000-000000000015 walletId=00000000-0000-4000-8000-000000000001 providerId=p status=PROCESSED
2026/09/28 23:12:39 INFO transaction handled correlationId=correlation messageId=message-op-3 transactionId=00000000-0000-4000-8000-000000000019 walletId=00000000-0000-4000-8000-000000000001 providerId=p status=REJECTED
2026/09/28 23:12:39 INFO transaction handled correlationId=correlation messageId="" transactionId=00000000-0000-4000-8000-000000000021 walletId=00000000-0000-4000-8000-000000000001 providerId=p status=PROCESSED
2026/09/28 23:12:39 INFO transaction handled correlationId=correlation messageId=message-op-5 transactionId=00000000-0000-4000-8000-000000000025 walletId=00000000-0000-4000-8000-000000000001 providerId=p status=REJECTED
2026/09/28 23:12:39 INFO transaction handled correlationId=correlation messageId="" transactionId=00000000-0000-4000-8000-000000000027 walletId=00000000-0000-4000-8000-000000000001 providerId=p status=PROCESSED
2026/09/28 23:12:39 INFO transaction handled correlationId=correlation messageId=message-op-7 transactionId=00000000-0000-4000-8000-000000000031 walletId=00000000-0000-4000-8000-000000000001 providerId=p status=REJECTED
2026/09/28 23:12:39 INFO transaction handled correlationId=correlation messageId=message-op-7 transactionId=00000000-0000-4000-8000-000000000031 walletId=00000000-0000-4000-8000-000000000001 providerId=p status=REJECTED
2026/09/28 23:12:39 INFO transaction handled correlationId=correlation messageId="" transactionId=00000000-0000-4000-8000-000000000034 walletId=00000000-0000-4000-8000-000000000001 providerId=p status=PROCESSED
2026/09/28 23:12:39 INFO transaction handled correlationId=correlation messageId=message-op-9 transactionId=00000000-0000-4000-8000-000000000038 walletId=00000000-0000-4000-8000-000000000001 providerId=p status=REJECTED
2026/09/28 23:12:39 INFO transaction handled correlationId=correlation messageId="" transactionId=00000000-0000-4000-8000-000000000040 walletId=00000000-0000-4000-8000-000000000001 providerId=p status=PROCESSED
2026/09/28 23:12:39 INFO transaction handled correlationId=correlation messageId=message-op-11 transactionId=00000000-0000-4000-8000-000000000042 walletId=00000000-0000-4000-8000-000000000001 providerId=p status=PROCESSED
2026/09/28 23:12:39 INFO transaction handled correlationId=correlation messageId="" transactionId=00000000-0000-4000-8000-000000000046 walletId=00000000-0000-4000-8000-000000000001 providerId=p status=PROCESSED
2026/09/28 23:12:39 INFO transaction handled correlationId=correlation messageId=message-op-13 transactionId=00000000-0000-4000-8000-000000000048 walletId=00000000-0000-4000-8000-000000000001 providerId=p status=PROCESSED
2026/09/28 23:12:39 INFO transaction handled correlationId=correlation messageId="" transactionId=00000000-0000-4000-8000-000000000052 walletId=00000000-0000-4000-8000-000000000001 providerId=p status=REJECTED
2026/09/28 23:12:39 INFO transaction handled correlationId=correlation messageId="" transactionId=00000000-0000-4000-8000-000000000052 walletId=00000000-0000-4000-8000-000000000001 providerId=p status=REJECTED
2026/09/28 23:12:39 INFO transaction handled correlationId=correlation messageId=message-op-15 transactionId=00000000-0000-4000-8000-000000000055 walletId=00000000-0000-4000-8000-000000000001 providerId=p status=PROCESSED
2026/09/28 23:12:39 INFO transaction handled correlationId=correlation messageId="" transactionId=00000000-0000-4000-8000-000000000059 walletId=00000000-0000-4000-8000-000000000001 providerId=p status=REJECTED
2026/09/28 23:12:39 INFO transaction handled correlationId=correlation messageId=message-op-17 transactionId=00000000-0000-4000-8000-000000000061 walletId=00000000-0000-4000-8000-000000000001 providerId=p status=PROCESSED
2026/09/28 23:12:39 INFO transaction handled correlationId=correlation messageId="" transactionId=00000000-0000-4000-8000-000000000065 walletId=00000000-0000-4000-8000-000000000001 providerId=p status=REJECTED
2026/09/28 23:12:39 INFO transaction handled correlationId=correlation messageId=message-op-19 transactionId=00000000-0000-4000-8000-000000000067 walletId=00000000-0000-4000-8000-000000000001 providerId=p status=PROCESSED
2026/09/28 23:12:39 INFO transaction handled correlationId=correlation messageId="" transactionId=00000000-0000-4000-8000-000000000069 walletId=00000000-0000-4000-8000-000000000001 providerId=p status=PROCESSED
2026/09/28 23:12:39 INFO transaction handled correlationId=correlation messageId=message-op-21 transactionId=00000000-0000-4000-8000-000000000073 walletId=00000000-0000-4000-8000-000000000001 providerId=p status=REJECTED
2026/09/28 23:12:39 INFO transaction handled correlationId=correlation messageId=message-op-21 transactionId=00000000-0000-4000-8000-000000000073 walletId=00000000-0000-4000-8000-000000000001 providerId=p status=REJECTED
2026/09/28 23:12:39 INFO transaction handled correlationId=correlation messageId="" transactionId=00000000-0000-4000-8000-000000000076 walletId=00000000-0000-4000-8000-000000000001 providerId=p status=PROCESSED
2026/09/28 23:12:39 INFO transaction handled correlationId=correlation messageId=message-op-23 transactionId=00000000-0000-4000-8000-000000000080 walletId=00000000-0000-4000-8000-000000000001 providerId=p status=PROCESSED
2026/09/28 23:12:39 INFO transaction handled correlationId=correlation messageId="" transactionId=00000000-0000-4000-8000-000000000082 walletId=00000000-0000-4000-8000-000000000001 providerId=p status=REJECTED
2026/09/28 23:12:39 INFO transaction handled correlationId=correlation messageId=message-op-25 transactionId=00000000-0000-4000-8000-000000000084 walletId=00000000-0000-4000-8000-000000000001 providerId=p status=PROCESSED
2026/09/28 23:12:39 INFO transaction handled correlationId=correlation messageId="" transactionId=00000000-0000-4000-8000-000000000088 walletId=00000000-0000-4000-8000-000000000001 providerId=p status=PROCESSED
2026/09/28 23:12:39 INFO transaction handled correlationId=correlation messageId=message-op-27 transactionId=00000000-0000-4000-8000-000000000090 walletId=00000000-0000-4000-8000-000000000001 providerId=p status=PROCESSED
2026/09/28 23:12:39 INFO transaction handled correlationId=correlation messageId="" transactionId=00000000-0000-4000-8000-000000000094 walletId=00000000-0000-4000-8000-000000000001 providerId=p status=REJECTED
2026/09/28 23:12:39 INFO transaction handled correlationId=correlation messageId="" transactionId=00000000-0000-4000-8000-000000000094 walletId=00000000-0000-4000-8000-000000000001 providerId=p status=REJECTED
2026/09/28 23:12:39 INFO transaction handled correlationId=correlation messageId=message-op-29 transactionId=00000000-0000-4000-8000-000000000097 walletId=00000000-0000-4000-8000-000000000001 providerId=p status=PROCESSED
2026/09/28 23:12:39 INFO transaction handled correlationId=correlation messageId="" transactionId=00000000-0000-4000-8000-000000000101 walletId=00000000-0000-4000-8000-000000000001 providerId=p status=PROCESSED
2026/09/28 23:12:39 INFO transaction handled correlationId=correlation messageId=message-op-31 transactionId=00000000-0000-4000-8000-000000000105 walletId=00000000-0000-4000-8000-000000000001 providerId=p status=PROCESSED
2026/09/28 23:12:39 INFO transaction handled correlationId=correlation messageId="" transactionId=00000000-0000-4000-8000-000000000109 walletId=00000000-0000-4000-8000-000000000001 providerId=p status=PROCESSED
2026/09/28 23:12:39 INFO transaction handled correlationId=correlation messageId=message-op-33 transactionId=00000000-0000-4000-8000-000000000113 walletId=00000000-0000-4000-8000-000000000001 providerId=p status=REJECTED
2026/09/28 23:12:39 INFO transaction handled correlationId=correlation messageId="" transactionId=00000000-0000-4000-8000-000000000115 walletId=00000000-0000-4000-8000-000000000001 providerId=p status=REJECTED
2026/09/28 23:12:39 INFO transaction handled correlationId=correlation messageId=message-op-35 transactionId=00000000-0000-4000-8000-000000000117 walletId=00000000-0000-4000-8000-000000000001 providerId=p status=PROCESSED
2026/09/28 23:12:39 INFO transaction handled correlationId=correlation messageId=message-op-35 transactionId=00000000-0000-4000-8000-000000000117 walletId=00000000-0000-4000-8000-000000000001 providerId=p status=PROCESSED
2026/09/28 23:12:39 INFO transaction handled correlationId=correlation messageId="" transactionId=00000000-0000-4000-8000-000000000122 walletId=00000000-0000-4000-8000-000000000001 providerId=p status=REJECTED
2026/09/28 23:12:39 INFO transaction handled correlationId=correlation messageId=message-op-37 transactionId=00000000-0000-4000-8000-000000000124 walletId=00000000-0000-4000-8000-000000000001 providerId=p status=REJECTED
2026/09/28 23:12:39 INFO transaction handled correlationId=correlation messageId="" transactionId=00000000-0000-4000-8000-000000000126 walletId=00000000-0000-4000-8000-000000000001 providerId=p status=REJECTED
2026/09/28 23:12:39 INFO transaction handled correlationId=correlation messageId=message-op-39 transactionId=00000000-0000-4000-8000-000000000128 walletId=00000000-0000-4000-8000-000000000001 providerId=p status=PROCESSED
2026/09/28 23:12:39 INFO transaction handled correlationId=correlation messageId="" transactionId=00000000-0000-4000-8000-000000000132 walletId=00000000-0000-4000-8000-000000000001 providerId=p status=PROCESSED
2026/09/28 23:12:39 INFO transaction handled correlationId=correlation messageId=message-op-41 transactionId=00000000-0000-4000-8000-000000000134 walletId=00000000-0000-4000-8000-000000000001 providerId=p status=PROCESSED
2026/09/28 23:12:39 INFO transaction handled correlationId=correlation messageId="" transactionId=00000000-0000-4000-8000-000000000136 walletId=00000000-0000-4000-8000-000000000001 providerId=p status=PROCESSED
2026/09/28 23:12:39 INFO transaction handled correlationId=correlation messageId="" transactionId=00000000-0000-4000-8000-000000000136 walletId=00000000-0000-4000-8000-000000000001 providerId=p status=PROCESSED
2026/09/28 23:12:39 INFO transaction handled correlationId=correlation messageId=message-op-43 transactionId=00000000-0000-4000-8000-000000000139 walletId=00000000-0000-4000-8000-000000000001 providerId=p status=PROCESSED
2026/09/28 23:12:39 INFO transaction handled correlationId=correlation messageId="" transactionId=00000000-0000-4000-8000-000000000143 walletId=00000000-0000-4000-8000-000000000001 providerId=p status=PROCESSED
2026/09/28 23:12:39 INFO transaction handled correlationId=correlation messageId=message-op-45 transactionId=00000000-0000-4000-8000-000000000147 walletId=00000000-0000-4000-8000-000000000001 providerId=p status=PROCESSED
2026/09/28 23:12:39 INFO transaction handled correlationId=correlation messageId="" transactionId=00000000-0000-4000-8000-000000000149 walletId=00000000-0000-4000-8000-000000000001 providerId=p status=PROCESSED
2026/09/28 23:12:39 INFO transaction handled correlationId=correlation messageId=message-op-47 transactionId=00000000-0000-4000-8000-000000000153 walletId=00000000-0000-4000-8000-000000000001 providerId=p status=REJECTED
2026/09/28 23:12:39 INFO transaction handled correlationId=correlation messageId="" transactionId=00000000-0000-4000-8000-000000000155 walletId=00000000-0000-4000-8000-000000000001 providerId=p status=REJECTED
2026/09/28 23:12:39 INFO transaction handled correlationId=correlation messageId=message-op-49 transactionId=00000000-0000-4000-8000-000000000157 walletId=00000000-0000-4000-8000-000000000001 providerId=p status=PROCESSED
2026/09/28 23:12:39 INFO transaction handled correlationId=correlation messageId=message-op-49 transactionId=00000000-0000-4000-8000-000000000157 walletId=00000000-0000-4000-8000-000000000001 providerId=p status=PROCESSED
2026/09/28 23:12:39 INFO transaction handled correlationId=correlation messageId="" transactionId=00000000-0000-4000-8000-000000000162 walletId=00000000-0000-4000-8000-000000000001 providerId=p status=REJECTED
2026/09/28 23:12:39 INFO transaction handled correlationId=correlation messageId=message-op-51 transactionId=00000000-0000-4000-8000-000000000164 walletId=00000000-0000-4000-8000-000000000001 providerId=p status=PROCESSED
2026/09/28 23:12:39 INFO transaction handled correlationId=correlation messageId="" transactionId=00000000-0000-4000-8000-000000000168 walletId=00000000-0000-4000-8000-000000000001 providerId=p status=PROCESSED
2026/09/28 23:12:39 INFO transaction handled correlationId=correlation messageId=message-op-53 transactionId=00000000-0000-4000-8000-000000000172 walletId=00000000-0000-4000-8000-000000000001 providerId=p status=PROCESSED
2026/09/28 23:12:39 INFO transaction handled correlationId=correlation messageId="" transactionId=00000000-0000-4000-8000-000000000176 walletId=00000000-0000-4000-8000-000000000001 providerId=p status=PROCESSED
2026/09/28 23:12:39 INFO transaction handled correlationId=correlation messageId=message-op-55 transactionId=00000000-0000-4000-8000-000000000178 walletId=00000000-0000-4000-8000-000000000001 providerId=p status=REJECTED
2026/09/28 23:12:39 INFO transaction handled correlationId=correlation messageId="" transactionId=00000000-0000-4000-8000-000000000180 walletId=00000000-0000-4000-8000-000000000001 providerId=p status=PROCESSED
2026/09/28 23:12:39 INFO transaction handled correlationId=correlation messageId="" transactionId=00000000-0000-4000-8000-000000000180 walletId=00000000-0000-4000-8000-000000000001 providerId=p status=PROCESSED
2026/09/28 23:12:39 INFO transaction handled correlationId=correlation messageId=message-op-57 transactionId=00000000-0000-4000-8000-000000000183 walletId=00000000-0000-4000-8000-000000000001 providerId=p status=PROCESSED
2026/09/28 23:12:39 INFO transaction handled correlationId=correlation messageId="" transactionId=00000000-0000-4000-8000-000000000187 walletId=00000000-0000-4000-8000-000000000001 providerId=p status=PROCESSED
2026/09/28 23:12:39 INFO transaction handled correlationId=correlation messageId=message-op-59 transactionId=00000000-0000-4000-8000-000000000191 walletId=00000000-0000-4000-8000-000000000001 providerId=p status=PROCESSED
2026/09/28 23:12:39 INFO transaction handled correlationId=correlation messageId="" transactionId=00000000-0000-4000-8000-000000000193 walletId=00000000-0000-4000-8000-000000000001 providerId=p status=PROCESSED
2026/09/28 23:12:39 INFO transaction handled correlationId=correlation messageId=message-op-61 transactionId=00000000-0000-4000-8000-000000000197 walletId=00000000-0000-4000-8000-000000000001 providerId=p status=PROCESSED
2026/09/28 23:12:39 INFO transaction handled correlationId=correlation messageId="" transactionId=00000000-0000-4000-8000-000000000199 walletId=00000000-0000-4000-8000-000000000001 providerId=p status=PROCESSED
2026/09/28 23:12:39 INFO transaction handled correlationId=correlation messageId=message-op-63 transactionId=00000000-0000-4000-8000-000000000201 walletId=00000000-0000-4000-8000-000000000001 providerId=p status=REJECTED
2026/09/28 23:12:39 INFO transaction handled correlationId=correlation messageId=message-op-63 transactionId=00000000-0000-4000-8000-000000000201 walletId=00000000-0000-4000-8000-000000000001 providerId=p status=REJECTED
2026/09/28 23:12:39 INFO transaction handled correlationId=correlation messageId="" transactionId=00000000-0000-4000-8000-000000000204 walletId=00000000-0000-4000-8000-000000000001 providerId=p status=PROCESSED
2026/09/28 23:12:39 INFO transaction handled correlationId=correlation messageId=message-op-65 transactionId=00000000-0000-4000-8000-000000000208 walletId=00000000-0000-4000-8000-000000000001 providerId=p status=REJECTED
2026/09/28 23:12:39 INFO transaction handled correlationId=correlation messageId="" transactionId=00000000-0000-4000-8000-000000000210 walletId=00000000-0000-4000-8000-000000000001 providerId=p status=REJECTED
2026/09/28 23:12:39 INFO transaction handled correlationId=correlation messageId=message-op-67 transactionId=00000000-0000-4000-8000-000000000212 walletId=00000000-0000-4000-8000-000000000001 providerId=p status=PROCESSED
2026/09/28 23:12:39 INFO transaction handled correlationId=correlation messageId="" transactionId=00000000-0000-4000-8000-000000000214 walletId=00000000-0000-4000-8000-000000000001 providerId=p status=PROCESSED
2026/09/28 23:12:39 INFO transaction handled correlationId=correlation messageId=message-op-69 transactionId=00000000-0000-4000-8000-000000000216 walletId=00000000-0000-4000-8000-000000000001 providerId=p status=PROCESSED
2026/09/28 23:12:39 INFO transaction handled correlationId=correlation messageId="" transactionId=00000000-0000-4000-8000-000000000218 walletId=00000000-0000-4000-8000-000000000001 providerId=p status=REJECTED
2026/09/28 23:12:39 INFO transaction handled correlationId=correlation messageId="" transactionId=00000000-0000-4000-8000-000000000218 walletId=00000000-0000-4000-8000-000000000001 providerId=p status=REJECTED
2026/09/28 23:12:39 INFO transaction handled correlationId=correlation messageId=message-op-71 transactionId=00000000-0000-4000-8000-000000000221 walletId=00000000-0000-4000-8000-000000000001 providerId=p status=PROCESSED
2026/09/28 23:12:39 INFO transaction handled correlationId=correlation messageId="" transactionId=00000000-0000-4000-8000-000000000223 walletId=00000000-0000-4000-8000-000000000001 providerId=p status=PROCESSED
2026/09/28 23:12:39 INFO transaction handled correlationId=correlation messageId=message-op-73 transactionId=00000000-0000-4000-8000-000000000227 walletId=00000000-0000-4000-8000-000000000001 providerId=p status=REJECTED
2026/09/28 23:12:39 INFO transaction handled correlationId=correlation messageId="" transactionId=00000000-0000-4000-8000-000000000229 walletId=00000000-0000-4000-8000-000000000001 providerId=p status=REJECTED
2026/09/28 23:12:39 INFO transaction handled correlationId=correlation messageId=message-op-75 transactionId=00000000-0000-4000-8000-000000000231 walletId=00000000-0000-4000-8000-000000000001 providerId=p status=PROCESSED
2026/09/28 23:12:39 INFO transaction handled correlationId=correlation messageId="" transactionId=00000000-0000-4000-8000-000000000235 walletId=00000000-0000-4000-8000-000000000001 providerId=p status=REJECTED
2026/09/28 23:12:39 INFO transaction handled correlationId=correlation messageId=message-op-77 transactionId=00000000-0000-4000-8000-000000000237 walletId=00000000-0000-4000-8000-000000000001 providerId=p status=REJECTED
2026/09/28 23:12:39 INFO transaction handled correlationId=correlation messageId=message-op-77 transactionId=00000000-0000-4000-8000-000000000237 walletId=00000000-0000-4000-8000-000000000001 providerId=p status=REJECTED
2026/09/28 23:12:39 INFO transaction handled correlationId=correlation messageId="" transactionId=00000000-0000-4000-8000-000000000240 walletId=00000000-0000-4000-8000-000000000001 providerId=p status=PROCESSED
2026/09/28 23:12:39 INFO transaction handled correlationId=correlation messageId=message-op-79 transactionId=00000000-0000-4000-8000-000000000244 walletId=00000000-0000-4000-8000-000000000001 providerId=p status=REJECTED
2026/09/28 23:12:39 INFO transaction handled correlationId=correlation messageId="" transactionId=00000000-0000-4000-8000-000000000006 walletId=00000000-0000-4000-8000-000000000001 providerId=p status=PENDING_REFERENCE
2026/09/28 23:12:39 INFO transaction handled correlationId=correlation messageId="" transactionId=00000000-0000-4000-8000-000000000006 walletId=00000000-0000-4000-8000-000000000001 providerId=p status=PENDING_REFERENCE
2026/09/28 23:12:39 INFO transaction handled correlationId=correlation messageId=message-op-1 transactionId=00000000-0000-4000-8000-000000000009 walletId=00000000-0000-4000-8000-000000000001 providerId=p status=REJECTED
2026/09/28 23:12:39 INFO transaction handled correlationId=correlation messageId="" transactionId=00000000-0000-4000-8000-000000000011 walletId=00000000-0000-4000-8000-000000000001 providerId=p status=PROCESSED
2026/09/28 23:12:39 INFO transaction handled correlationId=correlation messageId=message-op-3 transactionId=00000000-0000-4000-8000-000000000013 walletId=00000000-0000-4000-8000-000000000001 providerId=p status=PROCESSED
2026/09/28 23:12:39 INFO transaction handled correlationId=correlation messageId="" transactionId=00000000-0000-4000-8000-000000000017 walletId=00000000-0000-4000-8000-000000000001 providerId=p status=PROCESSED
2026/09/28 23:12:39 INFO transaction handled correlationId=correlation messageId=message-op-5 transactionId=00000000-0000-4000-8000-000000000019 walletId=00000000-0000-4000-8000-000000000001 providerId=p status=REJECTED
2026/09/28 23:12:39 INFO transaction handled correlationId=correlation messageId="" transactionId=00000000-0000-4000-8000-000000000021 walletId=00000000-0000-4000-8000-000000000001 providerId=p status=PROCESSED
2026/09/28 23:12:39 INFO transaction handled correlationId=correlation messageId=message-op-7 transactionId=00000000-0000-4000-8000-000000000025 walletId=00000000-0000-4000-8000-000000000001 providerId=p status=PROCESSED
2026/09/28 23:12:39 INFO transaction handled correlationId=correlation messageId=message-op-7 transactionId=00000000-0000-4000-8000-000000000025 walletId=00000000-0000-4000-8000-000000000001 providerId=p status=PROCESSED
2026/09/28 23:12:39 INFO transaction handled correlationId=correlation messageId="" transactionId=00000000-0000-4000-8000-000000000030 walletId=00000000-0000-4000-8000-000000000001 providerId=p status=PROCESSED
2026/09/28 23:12:39 INFO transaction handled correlationId=correlation messageId=message-op-9 transactionId=00000000-0000-4000-8000-000000000034 walletId=00000000-0000-4000-8000-000000000001 providerId=p status=PROCESSED
2026/09/28 23:12:39 INFO transaction handled correlationId=correlation messageId="" transactionId=00000000-0000-4000-8000-000000000036 walletId=00000000-0000-4000-8000-000000000001 providerId=p status=PROCESSED
2026/09/28 23:12:39 INFO transaction handled correlationId=correlation messageId=message-op-11 transactionId=00000000-0000-4000-8000-000000000040 walletId=00000000-0000-4000-8000-000000000001 providerId=p status=REJECTED
2026/09/28 23:12:39 INFO transaction handled correlationId=correlation messageId="" transactionId=00000000-0000-4000-8000-000000000042 walletId=00000000-0000-4000-8000-000000000001 providerId=p status=REJECTED
2026/09/28 23:12:39 INFO transaction handled correlationId=correlation messageId=message-op-13 transactionId=00000000-0000-4000-8000-000000000044 walletId=00000000-0000-4000-8000-000000000001 providerId=p status=PROCESSED
2026/09/28 23:12:39 INFO transaction handled correlationId=correlation messageId="" transactionId=00000000-0000-4000-8000-000000000048 walletId=00000000-0000-4000-8000-000000000001 providerId=p status=REJECTED
2026/09/28 23:12:39 INFO transaction handled correlationId=correlation messageId="" transactionId=00000000-0000-4000-8000-000000000048 walletId=00000000-0000-4000-8000-000000000001 providerId=p status=REJECTED
2026/09/28 23:12:39 INFO transaction handled correlationId=correlation messageId=message-op-15 transactionId=00000000-0000-4000-8000-000000000051 walletId=00000000-0000-4000-8000-000000000001 providerId=p status=REJECTED
2026/09/28 23:12:39 INFO transaction handled correlationId=correlation messageId="" transactionId=00000000-0000-4000-8000-000000000053 walletId=00000000-0000-4000-8000-000000000001 providerId=p status=REJECTED
2026/09/28 23:12:39 INFO transaction handled correlationId=correlation messageId=message-op-17 transactionId=00000000-0000-4000-8000-000000000055 walletId=00000000-0000-4000-8000-000000000001 providerId=p status=REJECTED
2026/09/28 23:12:39 INFO transaction handled correlationId=correlation messageId="" transactionId=00000000-0000-4000-8000-000000000057 walletId=00000000-0000-4000-8000-000000000001 providerId=p status=REJECTED
2026/09/28 23:12:39 INFO transaction handled correlationId=correlation messageId=message-op-19 transactionId=00000000-0000-4000-8000-000000000059 walletId=00000000-0000-4000-8000-000000000001 providerId=p status=REJECTED
2026/09/28 23:12:39 INFO transaction handled correlationId=correlation messageId="" transactionId=00000000-0000-4000-8000-000000000061 walletId=00000000-0000-4000-8000-000000000001 providerId=p status=REJECTED
2026/09/28 23:12:39 INFO transaction handled correlationId=correlation messageId=message-op-21 transactionId=00000000-0000-4000-8000-000000000063 walletId=00000000-0000-4000-8000-000000000001 providerId=p status=PROCESSED
2026/09/28 23:12:39 INFO transaction handled correlationId=correlation messageId=message-op-21 transactionId=00000000-0000-4000-8000-000000000063 walletId=00000000-0000-4000-8000-000000000001 providerId=p status=PROCESSED
2026/09/28 23:12:39 INFO transaction handled correlationId=correlation messageId="" transactionId=00000000-0000-4000-8000-000000000066 walletId=00000000-0000-4000-8000-000000000001 providerId=p status=PROCESSED
2026/09/28 23:12:39 INFO transaction handled correlationId=correlation messageId=message-op-23 transactionId=00000000-0000-4000-8000-000000000068 walletId=00000000-0000-4000-8000-000000000001 providerId=p status=PROCESSED
2026/09/28 23:12:39 INFO transaction handled correlationId=correlation messageId="" transactionId=00000000-0000-4000-8000-000000000070 walletId=00000000-0000-4000-8000-000000000001 providerId=p status=PROCESSED
2026/09/28 23:12:39 INFO transaction handled correlationId=correlation messageId=message-op-25 transactionId=00000000-0000-4000-8000-000000000074 walletId=00000000-0000-4000-8000-000000000001 providerId=p status=PROCESSED
2026/09/28 23:12:39 INFO transaction handled correlationId=correlation messageId="" transactionId=00000000-0000-4000-8000-000000000078 walletId=00000000-0000-4000-8000-000000000001 providerId=p status=PROCESSED
2026/09/28 23:12:39 INFO transaction handled correlationId=correlation messageId=message-op-27 transactionId=00000000-0000-4000-8000-000000000082 walletId=00000000-0000-4000-8000-000000000001 providerId=p status=PROCESSED
2026/09/28 23:12:39 INFO transaction handled correlationId=correlation messageId="" transactionId=00000000-0000-4000-8000-000000000084 walletId=00000000-0000-4000-8000-000000000001 providerId=p status=PROCESSED
2026/09/28 23:12:39 INFO transaction handled correlationId=correlation messageId="" transactionId=00000000-0000-4000-8000-000000000084 walletId=00000000-0000-4000-8000-000000000001 providerId=p status=PROCESSED
2026/09/28 23:12:39 INFO transaction handled correlationId=correlation messageId=message-op-29 transactionId=00000000-0000-4000-8000-000000000087 walletId=00000000-0000-4000-8000-000000000001 providerId=p status=PROCESSED
2026/09/28 23:12:39 INFO transaction handled correlationId=correlation messageId="" transactionId=00000000-0000-4000-8000-000000000089 walletId=00000000-0000-4000-8000-000000000001 providerId=p status=PROCESSED
2026/09/28 23:12:39 INFO transaction handled correlationId=correlation messageId=message-op-31 transactionId=00000000-0000-4000-8000-000000000093 walletId=00000000-0000-4000-8000-000000000001 providerId=p status=PROCESSED
2026/09/28 23:12:39 INFO transaction handled correlationId=correlation messageId="" transactionId=00000000-0000-4000-8000-000000000097 walletId=00000000-0000-4000-8000-000000000001 providerId=p status=REJECTED
2026/09/28 23:12:39 INFO transaction handled correlationId=correlation messageId=message-op-33 transactionId=00000000-0000-4000-8000-000000000099 walletId=00000000-0000-4000-8000-000000000001 providerId=p status=REJECTED
2026/09/28 23:12:39 INFO transaction handled correlationId=correlation messageId="" transactionId=00000000-0000-4000-8000-000000000101 walletId=00000000-0000-4000-8000-000000000001 providerId=p status=REJECTED
2026/09/28 23:12:39 INFO transaction handled correlationId=correlation messageId=message-op-35 transactionId=00000000-0000-4000-8000-000000000103 walletId=00000000-0000-4000-8000-000000000001 providerId=p status=PENDING_REFERENCE
2026/09/28 23:12:39 INFO transaction handled correlationId=correlation messageId=message-op-35 transactionId=00000000-0000-4000-8000-000000000103 walletId=00000000-0000-4000-8000-000000000001 providerId=p status=PENDING_REFERENCE
2026/09/28 23:12:39 INFO transaction handled correlationId=correlation messageId="" transactionId=00000000-0000-4000-8000-000000000106 walletId=00000000-0000-4000-8000-000000000001 providerId=p status=PROCESSED
2026/09/28 23:12:39 INFO transaction handled correlationId=correlation messageId=message-op-37 transactionId=00000000-0000-4000-8000-000000000108 walletId=00000000-0000-4000-8000-000000000001 providerId=p status=PROCESSED
2026/09/28 23:12:39 INFO transaction handled correlationId=correlation messageId="" transactionId=00000000-0000-4000-8000-000000000112 walletId=00000000-0000-4000-8000-000000000001 providerId=p status=PROCESSED
2026/09/28 23:12:39 INFO transaction handled correlationId=correlation messageId=message-op-39 transactionId=00000000-0000-4000-8000-000000000116 walletId=00000000-0000-4000-8000-000000000001 providerId=p status=PROCESSED
2026/09/28 23:12:39 INFO transaction handled correlationId=correlation messageId="" transactionId=00000000-0000-4000-8000-000000000120 walletId=00000000-0000-4000-8000-000000000001 providerId=p status=PROCESSED
2026/09/28 23:12:39 INFO transaction handled correlationId=correlation messageId=message-op-41 transactionId=00000000-0000-4000-8000-000000000122 walletId=00000000-0000-4000-8000-000000000001 providerId=p status=REJECTED
2026/09/28 23:12:39 INFO transaction handled correlationId=correlation messageId="" transactionId=00000000-0000-4000-8000-000000000124 walletId=00000000-0000-4000-8000-000000000001 providerId=p status=PROCESSED
2026/09/28 23:12:39 INFO transaction handled correlationId=correlation messageId="" transactionId=00000000-0000-4000-8000-000000000124 walletId=00000000-0000-4000-8000-000000000001 providerId=p status=PROCESSED
2026/09/28 23:12:39 INFO transaction handled correlationId=correlation messageId=message-op-43 transactionId=00000000-0000-4000-8000-000000000127 walletId=00000000-0000-4000-8000-000000000001 providerId=p status=REJECTED
2026/09/28 23:12:39 INFO transaction handled correlationId=correlation messageId="" transactionId=00000000-0000-4000-8000-000000000129 walletId=00000000-0000-4000-8000-000000000001 providerId=p status=PROCESSED
2026/09/28 23:12:39 INFO transaction handled correlationId=correlation messageId=message-op-45 transactionId=00000000-0000-4000-8000-000000000133 walletId=00000000-0000-4000-8000-000000000001 providerId=p status=PROCESSED
2026/09/28 23:12:39 INFO transaction handled correlationId=correlation messageId="" transactionId=00000000-0000-4000-8000-000000000137 walletId=00000000-0000-4000-8000-000000000001 providerId=p status=PROCESSED
2026/09/28 23:12:39 INFO transaction handled correlationId=correlation messageId=message-op-47 transactionId=00000000-0000-4000-8000-000000000139 walletId=00000000-0000-4000-8000-000000000001 providerId=p status=REJECTED
2026/09/28 23:12:39 INFO transaction handled correlationId=correlation messageId="" transactionId=00000000-0000-4000-8000-000000000141 walletId=00000000-0000-4000-8000-000000000001 providerId=p status=REJECTED
2026/09/28 23:12:39 INFO transaction handled correlationId=correlation messageId=message-op-49 transactionId=00000000-0000-4000-8000-000000000143 walletId=00000000-0000-4000-8000-000000000001 providerId=p status=PROCESSED
2026/09/28 23:12:39 INFO transaction handled correlationId=correlation messageId=message-op-49 transactionId=00000000-0000-4000-8000-000000000143 walletId=00000000-0000-4000-8000-000000000001 providerId=p status=PROCESSED
2026/09/28 23:12:39 INFO transaction handled correlationId=correlation messageId="" transactionId=00000000-0000-4000-8000-000000000148 walletId=00000000-0000-4000-8000-000000000001 providerId=p status=PROCESSED
2026/09/28 23:12:39 INFO transaction handled correlationId=correlation messageId=message-op-51 transactionId=00000000-0000-4000-8000-000000000152 walletId=00000000-0000-4000-8000-000000000001 providerId=p status=PROCESSED
2026/09/28 23:12:39 INFO transaction handled correlationId=correlation messageId="" transactionId=00000000-0000-4000-8000-000000000154 walletId=00000000-0000-4000-8000-000000000001 providerId=p status=REJECTED
2026/09/28 23:12:39 INFO transaction handled correlationId=correlation messageId=message-op-53 transactionId=00000000-0000-4000-8000-000000000156 walletId=00000000-0000-4000-8000-000000000001 providerId=p status=REJECTED
2026/09/28 23:12:39 INFO transaction handled correlationId=correlation messageId="" transactionId=00000000-0000-4000-8000-000000000158 walletId=00000000-0000-4000-8000-000000000001 providerId=p status=PROCESSED
2026/09/28 23:12:39 INFO transaction handled correlationId=correlation messageId=message-op-55 transactionId=00000000-0000-4000-8000-000000000160 walletId=00000000-0000-4000-8000-000000000001 providerId=p status=REJECTED
2026/09/28 23:12:39 INFO transaction handled correlationId=correlation messageId="" transactionId=00000000-0000-4000-8000-000000000162 walletId=00000000-0000-4000-8000-000000000001 providerId=p status=REJECTED
2026/09/28 23:12:39 INFO transaction handled correlationId=correlation messageId="" transactionId=00000000-0000-4000-8000-000000000162 walletId=00000000-0000-4000-8000-000000000001 providerId=p status=REJECTED
2026/09/28 23:12:39 INFO transaction handled correlationId=correlation messageId=message-op-57 transactionId=00000000-0000-4000-8000-000000000165 walletId=00000000-0000-4000-8000-000000000001 providerId=p status=PROCESSED
2026/09/28 23:12:39 INFO transaction handled correlationId=correlation messageId="" transactionId=00000000-0000-4000-8000-000000000169 walletId=00000000-0000-4000-8000-000000000001 providerId=p status=REJECTED
2026/09/28 23:12:39 INFO transaction handled correlationId=correlation messageId=message-op-59 transactionId=00000000-0000-4000-8000-000000000171 walletId=00000000-0000-4000-8000-000000000001 providerId=p status=PROCESSED
2026/09/28 23:12:39 INFO transaction handled correlationId=correlation messageId="" transactionId=00000000-0000-4000-8000-000000000173 walletId=00000000-0000-4000-8000-000000000001 providerId=p status=REJECTED
2026/09/28 23:12:39 INFO transaction handled correlationId=correlation messageId=message-op-61 transactionId=00000000-0000-4000-8000-000000000175 walletId=00000000-0000-4000-8000-000000000001 providerId=p status=PROCESSED
2026/09/28 23:12:39 INFO transaction handled correlationId=correlation messageId="" transactionId=00000000-0000-4000-8000-000000000179 walletId=00000000-0000-4000-8000-000000000001 providerId=p status=REJECTED
2026/09/28 23:12:39 INFO transaction handled correlationId=correlation messageId=message-op-63 transactionId=00000000-0000-4000-8000-000000000181 walletId=00000000-0000-4000-8000-000000000001 providerId=p status=PROCESSED
2026/09/28 23:12:39 INFO transaction handled correlationId=correlation messageId=message-op-63 transactionId=00000000-0000-4000-8000-000000000181 walletId=00000000-0000-4000-8000-000000000001 providerId=p status=PROCESSED
2026/09/28 23:12:39 INFO transaction handled correlationId=correlation messageId="" transactionId=00000000-0000-4000-8000-000000000186 walletId=00000000-0000-4000-8000-000000000001 providerId=p status=PROCESSED
2026/09/28 23:12:39 INFO transaction handled correlationId=correlation messageId=message-op-65 transactionId=00000000-0000-4000-8000-000000000190 walletId=00000000-0000-4000-8000-000000000001 providerId=p status=PROCESSED
2026/09/28 23:12:39 INFO transaction handled correlationId=correlation messageId="" transactionId=00000000-0000-4000-8000-000000000194 walletId=00000000-0000-4000-8000-000000000001 providerId=p status=PROCESSED
2026/09/28 23:12:39 INFO transaction handled correlationId=correlation messageId=message-op-67 transactionId=00000000-0000-4000-8000-000000000198 walletId=00000000-0000-4000-8000-000000000001 providerId=p status=PROCESSED
2026/09/28 23:12:39 INFO transaction handled correlationId=correlation messageId="" transactionId=00000000-0000-4000-8000-000000000202 walletId=00000000-0000-4000-8000-000000000001 providerId=p status=PROCESSED
2026/09/28 23:12:39 INFO transaction handled correlationId=correlation messageId=message-op-69 transactionId=00000000-0000-4000-8000-000000000204 walletId=00000000-0000-4000-8000-000000000001 providerId=p status=PROCESSED
2026/09/28 23:12:39 INFO transaction handled correlationId=correlation messageId="" transactionId=00000000-0000-4000-8000-000000000208 walletId=00000000-0000-4000-8000-000000000001 providerId=p status=PROCESSED
2026/09/28 23:12:39 INFO transaction handled correlationId=correlation messageId="" transactionId=00000000-0000-4000-8000-000000000208 walletId=00000000-0000-4000-8000-000000000001 providerId=p status=PROCESSED
2026/09/28 23:12:39 INFO transaction handled correlationId=correlation messageId=message-op-71 transactionId=00000000-0000-4000-8000-000000000213 walletId=00000000-0000-4000-8000-000000000001 providerId=p status=PROCESSED
2026/09/28 23:12:39 INFO transaction handled correlationId=correlation messageId="" transactionId=00000000-0000-4000-8000-000000000217 walletId=00000000-0000-4000-8000-000000000001 providerId=p status=REJECTED
2026/09/28 23:12:39 INFO transaction handled correlationId=correlation messageId=message-op-73 transactionId=00000000-0000-4000-8000-000000000219 walletId=00000000-0000-4000-8000-000000000001 providerId=p status=REJECTED
2026/09/28 23:12:39 INFO transaction handled correlationId=correlation messageId="" transactionId=00000000-0000-4000-8000-000000000221 walletId=00000000-0000-4000-8000-000000000001 providerId=p status=REJECTED
2026/09/28 23:12:39 INFO transaction handled correlationId=correlation messageId=message-op-75 transactionId=00000000-0000-4000-8000-000000000223 walletId=00000000-0000-4000-8000-000000000001 providerId=p status=PROCESSED
2026/09/28 23:12:39 INFO transaction handled correlationId=correlation messageId="" transactionId=00000000-0000-4000-8000-000000000225 walletId=00000000-0000-4000-8000-000000000001 providerId=p status=REJECTED
2026/09/28 23:12:39 INFO transaction handled correlationId=correlation messageId=message-op-77 transactionId=00000000-0000-4000-8000-000000000227 walletId=00000000-0000-4000-8000-000000000001 providerId=p status=REJECTED
2026/09/28 23:12:39 INFO transaction handled correlationId=correlation messageId=message-op-77 transactionId=00000000-0000-4000-8000-000000000227 walletId=00000000-0000-4000-8000-000000000001 providerId=p status=REJECTED
2026/09/28 23:12:39 INFO transaction handled correlationId=correlation messageId="" transactionId=00000000-0000-4000-8000-000000000230 walletId=00000000-0000-4000-8000-000000000001 providerId=p status=REJECTED
2026/09/28 23:12:39 INFO transaction handled correlationId=correlation messageId=message-op-79 transactionId=00000000-0000-4000-8000-000000000232 walletId=00000000-0000-4000-8000-000000000001 providerId=p status=PROCESSED
2026/09/28 23:12:39 INFO transaction handled correlationId=correlation messageId="" transactionId=00000000-0000-4000-8000-000000000006 walletId=00000000-0000-4000-8000-000000000001 providerId=p status=PROCESSED
2026/09/28 23:12:39 INFO transaction handled correlationId=correlation messageId="" transactionId=00000000-0000-4000-8000-000000000006 walletId=00000000-0000-4000-8000-000000000001 providerId=p status=PROCESSED
2026/09/28 23:12:39 INFO transaction handled correlationId=correlation messageId=message-op-1 transactionId=00000000-0000-4000-8000-000000000011 walletId=00000000-0000-4000-8000-000000000001 providerId=p status=REJECTED
2026/09/28 23:12:39 INFO transaction handled correlationId=correlation messageId="" transactionId=00000000-0000-4000-8000-000000000013 walletId=00000000-0000-4000-8000-000000000001 providerId=p status=PROCESSED
2026/09/28 23:12:39 INFO transaction handled correlationId=correlation messageId=message-op-3 transactionId=00000000-0000-4000-8000-000000000015 walletId=00000000-0000-4000-8000-000000000001 providerId=p status=PROCESSED
2026/09/28 23:12:39 INFO transaction handled correlationId=correlation messageId="" transactionId=00000000-0000-4000-8000-000000000017 walletId=00000000-0000-4000-8000-000000000001 providerId=p status=REJECTED
2026/09/28 23:12:39 INFO transaction handled correlationId=correlation messageId=message-op-5 transactionId=00000000-0000-4000-8000-000000000019 walletId=00000000-0000-4000-8000-000000000001 providerId=p status=PROCESSED
2026/09/28 23:12:39 INFO transaction handled correlationId=correlation messageId="" transactionId=00000000-0000-4000-8000-000000000023 walletId=00000000-0000-4000-8000-000000000001 providerId=p status=REJECTED
2026/09/28 23:12:39 INFO transaction handled correlationId=correlation messageId=message-op-7 transactionId=00000000-0000-4000-8000-000000000025 walletId=00000000-0000-4000-8000-000000000001 providerId=p status=PROCESSED
2026/09/28 23:12:39 INFO transaction handled correlationId=correlation messageId=message-op-7 transactionId=00000000-0000-4000-8000-000000000025 walletId=00000000-0000-4000-8000-000000000001 providerId=p status=PROCESSED
2026/09/28 23:12:39 INFO transaction handled correlationId=correlation messageId="" transactionId=00000000-0000-4000-8000-000000000028 walletId=00000000-0000-4000-8000-000000000001 providerId=p status=PROCESSED
2026/09/28 23:12:39 INFO transaction handled correlationId=correlation messageId=message-op-9 transactionId=00000000-0000-4000-8000-000000000032 walletId=00000000-0000-4000-8000-000000000001 providerId=p status=PROCESSED
2026/09/28 23:12:39 INFO transaction handled correlationId=correlation messageId="" transactionId=00000000-0000-4000-8000-000000000036 walletId=00000000-0000-4000-8000-000000000001 providerId=p status=REJECTED
2026/09/28 23:12:39 INFO transaction handled correlationId=correlation messageId=message-op-11 transactionId=00000000-0000-4000-8000-000000000038 walletId=00000000-0000-4000-8000-000000000001 providerId=p status=PROCESSED
2026/09/28 23:12:39 INFO transaction handled correlationId=correlation messageId="" transactionId=00000000-0000-4000-8000-000000000042 walletId=00000000-0000-4000-8000-000000000001 providerId=p status=PROCESSED
2026/09/28 23:12:39 INFO transaction handled correlationId=correlation messageId=message-op-13 transactionId=00000000-0000-4000-8000-000000000046 walletId=00000000-0000-4000-8000-000000000001 providerId=p status=REJECTED
2026/09/28 23:12:39 INFO transaction handled correlationId=correlation messageId="" transactionId=00000000-0000-4000-8000-000000000048 walletId=00000000-0000-4000-8000-000000000001 providerId=p status=PROCESSED
2026/09/28 23:12:39 INFO transaction handled correlationId=correlation messageId="" transactionId=00000000-0000-4000-8000-000000000048 walletId=00000000-0000-4000-8000-000000000001 providerId=p status=PROCESSED
2026/09/28 23:12:39 INFO transaction handled correlationId=correlation messageId=message-op-15 transactionId=00000000-0000-4000-8000-000000000053 walletId=00000000-0000-4000-8000-000000000001 providerId=p status=PROCESSED
2026/09/28 23:12:39 INFO transaction handled correlationId=correlation messageId="" transactionId=00000000-0000-4000-8000-000000000057 walletId=00000000-0000-4000-8000-000000000001 providerId=p status=PROCESSED
2026/09/28 23:12:39 INFO transaction handled correlationId=correlation messageId=message-op-17 transactionId=00000000-0000-4000-8000-000000000061 walletId=00000000-0000-4000-8000-000000000001 providerId=p status=PROCESSED
2026/09/28 23:12:39 INFO transaction handled correlationId=correlation messageId="" transactionId=00000000-0000-4000-8000-000000000065 walletId=00000000-0000-4000-8000-000000000001 providerId=p status=REJECTED
2026/09/28 23:12:39 INFO transaction handled correlationId=correlation messageId=message-op-19 transactionId=00000000-0000-4000-8000-000000000067 walletId=00000000-0000-4000-8000-000000000001 providerId=p status=REJECTED
2026/09/28 23:12:39 INFO transaction handled correlationId=correlation messageId="" transactionId=00000000-0000-4000-8000-000000000069 walletId=00000000-0000-4000-8000-000000000001 providerId=p status=PROCESSED
2026/09/28 23:12:39 INFO transaction handled correlationId=correlation messageId=message-op-21 transactionId=00000000-0000-4000-8000-000000000073 walletId=00000000-0000-4000-8000-000000000001 providerId=p status=PROCESSED
2026/09/28 23:12:39 INFO transaction handled correlationId=correlation messageId=message-op-21 transactionId=00000000-0000-4000-8000-000000000073 walletId=00000000-0000-4000-8000-000000000001 providerId=p status=PROCESSED
2026/09/28 23:12:39 INFO transaction handled correlationId=correlation messageId="" transactionId=00000000-0000-4000-8000-000000000076 walletId=00000000-0000-4000-8000-000000000001 providerId=p status=PROCESSED
2026/09/28 23:12:39 INFO transaction handled correlationId=correlation messageId=message-op-23 transactionId=00000000-0000-4000-8000-000000000080 walletId=00000000-0000-4000-8000-000000000001 providerId=p status=PROCESSED
2026/09/28 23:12:39 INFO transaction handled correlationId=correlation messageId="" transactionId=00000000-0000-4000-8000-000000000082 walletId=00000000-0000-4000-8000-000000000001 providerId=p status=PROCESSED
2026/09/28 23:12:39 INFO transaction handled correlationId=correlation messageId=message-op-25 transactionId=00000000-0000-4000-8000-000000000084 walletId=00000000-0000-4000-8000-000000000001 providerId=p status=PROCESSED
2026/09/28 23:12:39 INFO transaction handled correlationId=correlation messageId="" transactionId=00000000-0000-4000-8000-000000000088 walletId=00000000-0000-4000-8000-000000000001 providerId=p status=REJECTED
2026/09/28 23:12:39 INFO transaction handled correlationId=correlation messageId=message-op-27 transactionId=00000000-0000-4000-8000-000000000090 walletId=00000000-0000-4000-8000-000000000001 providerId=p status=PROCESSED
2026/09/28 23:12:39 INFO transaction handled correlationId=correlation messageId="" transactionId=00000000-0000-4000-8000-000000000092 walletId=00000000-0000-4000-8000-000000000001 providerId=p status=PROCESSED
2026/09/28 23:12:39 INFO transaction handled correlationId=correlation messageId="" transactionId=00000000-0000-4000-8000-000000000092 walletId=00000000-0000-4000-8000-000000000001 providerId=p status=PROCESSED
2026/09/28 23:12:39 INFO transaction handled correlationId=correlation messageId=message-op-29 transactionId=00000000-0000-4000-8000-000000000095 walletId=00000000-0000-4000-8000-000000000001 providerId=p status=PROCESSED
2026/09/28 23:12:39 INFO transaction handled correlationId=correlation messageId="" transactionId=00000000-0000-4000-8000-000000000097 walletId=00000000-0000-4000-8000-000000000001 providerId=p status=PROCESSED
2026/09/28 23:12:39 INFO transaction handled correlationId=correlation messageId=message-op-31 transactionId=00000000-0000-4000-8000-000000000101 walletId=00000000-0000-4000-8000-000000000001 providerId=p status=PROCESSED
2026/09/28 23:12:39 INFO transaction handled correlationId=correlation messageId="" transactionId=00000000-0000-4000-8000-000000000103 walletId=00000000-0000-4000-8000-000000000001 providerId=p status=REJECTED
2026/09/28 23:12:39 INFO transaction handled correlationId=correlation messageId=message-op-33 transactionId=00000000-0000-4000-8000-000000000105 walletId=00000000-0000-4000-8000-000000000001 providerId=p status=REJECTED
2026/09/28 23:12:39 INFO transaction handled correlationId=correlation messageId="" transactionId=00000000-0000-4000-8000-000000000107 walletId=00000000-0000-4000-8000-000000000001 providerId=p status=PROCESSED
2026/09/28 23:12:39 INFO transaction handled correlationId=correlation messageId=message-op-35 transactionId=00000000-0000-4000-8000-000000000109 walletId=00000000-0000-4000-8000-000000000001 providerId=p status=REJECTED
2026/09/28 23:12:39 INFO transaction handled correlationId=correlation messageId=message-op-35 transactionId=00000000-0000-4000-8000-000000000109 walletId=00000000-0000-4000-8000-000000000001 providerId=p status=REJECTED
2026/09/28 23:12:39 INFO transaction handled correlationId=correlation messageId="" transactionId=00000000-0000-4000-8000-000000000112 walletId=00000000-0000-4000-8000-000000000001 providerId=p status=PROCESSED
2026/09/28 23:12:39 INFO transaction handled correlationId=correlation messageId=message-op-37 transactionId=00000000-0000-4000-8000-000000000116 walletId=00000000-0000-4000-8000-000000000001 providerId=p status=REJECTED
2026/09/28 23:12:39 INFO transaction handled correlationId=correlation messageId="" transactionId=00000000-0000-4000-8000-000000000118 walletId=00000000-0000-4000-8000-000000000001 providerId=p status=PROCESSED
2026/09/28 23:12:39 INFO transaction handled correlationId=correlation messageId=message-op-39 transactionId=00000000-0000-4000-8000-000000000122 walletId=00000000-0000-4000-8000-000000000001 providerId=p status=REJECTED
2026/09/28 23:12:39 INFO transaction handled correlationId=correlation messageId="" transactionId=00000000-0000-4000-8000-000000000124 walletId=00000000-0000-4000-8000-000000000001 providerId=p status=PROCESSED
2026/09/28 23:12:39 INFO transaction handled correlationId=correlation messageId=message-op-41 transactionId=00000000-0000-4000-8000-000000000128 walletId=00000000-0000-4000-8000-000000000001 providerId=p status=REJECTED
2026/09/28 23:12:39 INFO transaction handled correlationId=correlation messageId="" transactionId=00000000-0000-4000-8000-000000000130 walletId=00000000-0000-4000-8000-000000000001 providerId=p status=PROCESSED
2026/09/28 23:12:39 INFO transaction handled correlationId=correlation messageId="" transactionId=00000000-0000-4000-8000-000000000130 walletId=00000000-0000-4000-8000-000000000001 providerId=p status=PROCESSED
2026/09/28 23:12:39 INFO transaction handled correlationId=correlation messageId=message-op-43 transactionId=00000000-0000-4000-8000-000000000135 walletId=00000000-0000-4000-8000-000000000001 providerId=p status=PROCESSED
2026/09/28 23:12:39 INFO transaction handled correlationId=correlation messageId="" transactionId=00000000-0000-4000-8000-000000000137 walletId=00000000-0000-4000-8000-000000000001 providerId=p status=PROCESSED
2026/09/28 23:12:39 INFO transaction handled correlationId=correlation messageId=message-op-45 transactionId=00000000-0000-4000-8000-000000000141 walletId=00000000-0000-4000-8000-000000000001 providerId=p status=PROCESSED
2026/09/28 23:12:39 INFO transaction handled correlationId=correlation messageId="" transactionId=00000000-0000-4000-8000-000000000145 walletId=00000000-0000-4000-8000-000000000001 providerId=p status=PROCESSED
2026/09/28 23:12:39 INFO transaction handled correlationId=correlation messageId=message-op-47 transactionId=00000000-0000-4000-8000-000000000147 walletId=00000000-0000-4000-8000-000000000001 providerId=p status=REJECTED
2026/09/28 23:12:39 INFO transaction handled correlationId=correlation messageId="" transactionId=00000000-0000-4000-8000-000000000149 walletId=00000000-0000-4000-8000-000000000001 providerId=p status=REJECTED
2026/09/28 23:12:39 INFO transaction handled correlationId=correlation messageId=message-op-49 transactionId=00000000-0000-4000-8000-000000000151 walletId=00000000-0000-4000-8000-000000000001 providerId=p status=PROCESSED
2026/09/28 23:12:39 INFO transaction handled correlationId=correlation messageId=message-op-49 transactionId=00000000-0000-4000-8000-000000000151 walletId=00000000-0000-4000-8000-000000000001 providerId=p status=PROCESSED
2026/09/28 23:12:39 INFO transaction handled correlationId=correlation messageId="" transactionId=00000000-0000-4000-8000-000000000156 walletId=00000000-0000-4000-8000-000000000001 providerId=p status=REJECTED
2026/09/28 23:12:39 INFO transaction handled correlationId=correlation messageId=message-op-51 transactionId=00000000-0000-4000-8000-000000000158 walletId=00000000-0000-4000-8000-000000000001 providerId=p status=REJECTED
2026/09/28 23:12:39 INFO transaction handled correlationId=correlation messageId="" transactionId=00000000-0000-4000-8000-000000000160 walletId=00000000-0000-4000-8000-000000000001 providerId=p status=PROCESSED
2026/09/28 23:12:39 INFO transaction handled correlationId=correlation messageId=message-op-53 transactionId=00000000-0000-4000-8000-000000000162 walletId=00000000-0000-4000-8000-000000000001 providerId=p status=REJECTED
2026/09/28 23:12:39 INFO transaction handled correlationId=correlation messageId="" transactionId=00000000-0000-4000-8000-000000000164 walletId=00000000-0000-4000-8000-000000000001 providerId=p status=PROCESSED
2026/09/28 23:12:39 INFO transaction handled correlationId=correlation messageId=message-op-55 transactionId=00000000-0000-4000-8000-000000000166 walletId=00000000-0000-4000-8000-000000000001 providerId=p status=PROCESSED
2026/09/28 23:12:39 INFO transaction handled correlationId=correlation messageId="" transactionId=00000000-0000-4000-8000-000000000168 walletId=00000000-0000-4000-8000-000000000001 providerId=p status=PROCESSED
2026/09/28 23:12:39 INFO transaction handled correlationId=correlation messageId="" transactionId=00000000-0000-4000-8000-000000000168 walletId=00000000-0000-4000-8000-000000000001 providerId=p status=PROCESSED
2026/09/28 23:12:39 INFO transaction handled correlationId=correlation messageId=message-op-57 transactionId=00000000-0000-4000-8000-000000000173 walletId=00000000-0000-4000-8000-000000000001 providerId=p status=REJECTED
2026/09/28 23:12:39 INFO transaction handled correlationId=correlation messageId="" transactionId=00000000-0000-4000-8000-000000000175 walletId=00000000-0000-4000-8000-000000000001 providerId=p status=PROCESSED
2026/09/28 23:12:39 INFO transaction handled correlationId=correlation messageId=message-op-59 transactionId=00000000-0000-4000-8000-000000000179 walletId=00000000-0000-4000-8000-000000000001 providerId=p status=PROCESSED
2026/09/28 23:12:39 INFO transaction handled correlationId=correlation messageId="" transactionId=00000000-0000-4000-8000-000000000183 walletId=00000000-0000-4000-8000-000000000001 providerId=p status=REJECTED
2026/09/28 23:12:39 INFO transaction handled correlationId=correlation messageId=message-op-61 transactionId=00000000-0000-4000-8000-000000000185 walletId=00000000-0000-4000-8000-000000000001 providerId=p status=PROCESSED
2026/09/28 23:12:39 INFO transaction handled correlationId=correlation messageId="" transactionId=00000000-0000-4000-8000-000000000189 walletId=00000000-0000-4000-8000-000000000001 providerId=p status=PROCESSED
2026/09/28 23:12:39 INFO transaction handled correlationId=correlation messageId=message-op-63 transactionId=00000000-0000-4000-8000-000000000193 walletId=00000000-0000-4000-8000-000000000001 providerId=p status=REJECTED
2026/09/28 23:12:39 INFO transaction handled correlationId=correlation messageId=message-op-63 transactionId=00000000-0000-4000-8000-000000000193 walletId=00000000-0000-4000-8000-000000000001 providerId=p status=REJECTED
2026/09/28 23:12:39 INFO transaction handled correlationId=correlation messageId="" transactionId=00000000-0000-4000-8000-000000000196 walletId=00000000-0000-4000-8000-000000000001 providerId=p status=PROCESSED
2026/09/28 23:12:39 INFO transaction handled correlationId=correlation messageId=message-op-65 transactionId=00000000-0000-4000-8000-000000000200 walletId=00000000-0000-4000-8000-000000000001 providerId=p status=PROCESSED
2026/09/28 23:12:39 INFO transaction handled correlationId=correlation messageId="" transactionId=00000000-0000-4000-8000-000000000204 walletId=00000000-0000-4000-8000-000000000001 providerId=p status=PROCESSED
2026/09/28 23:12:39 INFO transaction handled correlationId=correlation messageId=message-op-67 transactionId=00000000-0000-4000-8000-000000000208 walletId=00000000-0000-4000-8000-000000000001 providerId=p status=PROCESSED
2026/09/28 23:12:39 INFO transaction handled correlationId=correlation messageId="" transactionId=00000000-0000-4000-8000-000000000212 walletId=00000000-0000-4000-8000-000000000001 providerId=p status=PROCESSED
2026/09/28 23:12:39 INFO transaction handled correlationId=correlation messageId=message-op-69 transactionId=00000000-0000-4000-8000-000000000216 walletId=00000000-0000-4000-8000-000000000001 providerId=p status=PROCESSED
2026/09/28 23:12:39 INFO transaction handled correlationId=correlation messageId="" transactionId=00000000-0000-4000-8000-000000000218 walletId=00000000-0000-4000-8000-000000000001 providerId=p status=PROCESSED
2026/09/28 23:12:39 INFO transaction handled correlationId=correlation messageId="" transactionId=00000000-0000-4000-8000-000000000218 walletId=00000000-0000-4000-8000-000000000001 providerId=p status=PROCESSED
2026/09/28 23:12:39 INFO transaction handled correlationId=correlation messageId=message-op-71 transactionId=00000000-0000-4000-8000-000000000221 walletId=00000000-0000-4000-8000-000000000001 providerId=p status=PROCESSED
2026/09/28 23:12:39 INFO transaction handled correlationId=correlation messageId="" transactionId=00000000-0000-4000-8000-000000000223 walletId=00000000-0000-4000-8000-000000000001 providerId=p status=PROCESSED
2026/09/28 23:12:39 INFO transaction handled correlationId=correlation messageId=message-op-73 transactionId=00000000-0000-4000-8000-000000000227 walletId=00000000-0000-4000-8000-000000000001 providerId=p status=PROCESSED
2026/09/28 23:12:39 INFO transaction handled correlationId=correlation messageId="" transactionId=00000000-0000-4000-8000-000000000229 walletId=00000000-0000-4000-8000-000000000001 providerId=p status=REJECTED
2026/09/28 23:12:39 INFO transaction handled correlationId=correlation messageId=message-op-75 transactionId=00000000-0000-4000-8000-000000000231 walletId=00000000-0000-4000-8000-000000000001 providerId=p status=PROCESSED
2026/09/28 23:12:39 INFO transaction handled correlationId=correlation messageId="" transactionId=00000000-0000-4000-8000-000000000233 walletId=00000000-0000-4000-8000-000000000001 providerId=p status=PROCESSED
2026/09/28 23:12:39 INFO transaction handled correlationId=correlation messageId=message-op-77 transactionId=00000000-0000-4000-8000-000000000237 walletId=00000000-0000-4000-8000-000000000001 providerId=p status=PROCESSED
2026/09/28 23:12:39 INFO transaction handled correlationId=correlation messageId=message-op-77 transactionId=00000000-0000-4000-8000-000000000237 walletId=00000000-0000-4000-8000-000000000001 providerId=p status=PROCESSED
2026/09/28 23:12:39 INFO transaction handled correlationId=correlation messageId="" transactionId=00000000-0000-4000-8000-000000000240 walletId=00000000-0000-4000-8000-000000000001 providerId=p status=REJECTED
2026/09/28 23:12:39 INFO transaction handled correlationId=correlation messageId=message-op-79 transactionId=00000000-0000-4000-8000-000000000242 walletId=00000000-0000-4000-8000-000000000001 providerId=p status=PROCESSED
2026/09/28 23:12:39 INFO transaction handled correlationId=correlation messageId="" transactionId=00000000-0000-4000-8000-000000000006 walletId=00000000-0000-4000-8000-000000000001 providerId=p status=PENDING_REFERENCE
2026/09/28 23:12:39 INFO transaction handled correlationId=correlation messageId="" transactionId=00000000-0000-4000-8000-000000000006 walletId=00000000-0000-4000-8000-000000000001 providerId=p status=PENDING_REFERENCE
2026/09/28 23:12:39 INFO transaction handled correlationId=correlation messageId=message-op-1 transactionId=00000000-0000-4000-8000-000000000009 walletId=00000000-0000-4000-8000-000000000001 providerId=p status=PENDING_REFERENCE
2026/09/28 23:12:39 INFO transaction handled correlationId=correlation messageId="" transactionId=00000000-0000-4000-8000-000000000011 walletId=00000000-0000-4000-8000-000000000001 providerId=p status=PROCESSED
2026/09/28 23:12:39 INFO transaction handled correlationId=correlation messageId=message-op-3 transactionId=00000000-0000-4000-8000-000000000015 walletId=00000000-0000-4000-8000-000000000001 providerId=p status=PROCESSED
2026/09/28 23:12:39 INFO transaction handled correlationId=correlation messageId="" transactionId=00000000-0000-4000-8000-000000000017 walletId=00000000-0000-4000-8000-000000000001 providerId=p status=REJECTED
2026/09/28 23:12:39 INFO transaction handled correlationId=correlation messageId=message-op-5 transactionId=00000000-0000-4000-8000-000000000019 walletId=00000000-0000-4000-8000-000000000001 providerId=p status=PROCESSED
2026/09/28 23:12:39 INFO transaction handled correlationId=correlation messageId="" transactionId=00000000-0000-4000-8000-000000000023 walletId=00000000-0000-4000-8000-000000000001 providerId=p status=PROCESSED
2026/09/28 23:12:39 INFO transaction handled correlationId=correlation messageId=message-op-7 transactionId=00000000-0000-4000-8000-000000000027 walletId=00000000-0000-4000-8000-000000000001 providerId=p status=PROCESSED
2026/09/28 23:12:39 INFO transaction handled correlationId=correlation messageId=message-op-7 transactionId=00000000-0000-4000-8000-000000000027 walletId=00000000-0000-4000-8000-000000000001 providerId=p status=PROCESSED
2026/09/28 23:12:39 INFO transaction handled correlationId=correlation messageId="" transactionId=00000000-0000-4000-8000-000000000030 walletId=00000000-0000-4000-8000-000000000001 providerId=p status=REJECTED
2026/09/28 23:12:39 INFO transaction handled correlationId=correlation messageId=message-op-9 transactionId=00000000-0000-4000-8000-000000000032 walletId=00000000-0000-4000-8000-000000000001 providerId=p status=REJECTED
2026/09/28 23:12:39 INFO transaction handled correlationId=correlation messageId="" transactionId=00000000-0000-4000-8000-000000000034 walletId=00000000-0000-4000-8000-000000000001 providerId=p status=PROCESSED
2026/09/28 23:12:39 INFO transaction handled correlationId=correlation messageId=message-op-11 transactionId=00000000-0000-4000-8000-000000000038 walletId=00000000-0000-4000-8000-000000000001 providerId=p status=REJECTED
2026/09/28 23:12:39 INFO transaction handled correlationId=correlation messageId="" transactionId=00000000-0000-4000-8000-000000000040 walletId=00000000-0000-4000-8000-000000000001 providerId=p status=REJECTED
2026/09/28 23:12:39 INFO transaction handled correlationId=correlation messageId=message-op-13 transactionId=00000000-0000-4000-8000-000000000042 walletId=00000000-0000-4000-8000-000000000001 providerId=p status=REJECTED
2026/09/28 23:12:39 INFO transaction handled correlationId=correlation messageId="" transactionId=00000000-0000-4000-8000-000000000044 walletId=00000000-0000-4000-8000-000000000001 providerId=p status=PENDING_REFERENCE
2026/09/28 23:12:39 INFO transaction handled correlationId=correlation messageId="" transactionId=00000000-0000-4000-8000-000000000044 walletId=00000000-0000-4000-8000-000000000001 providerId=p status=PENDING_REFERENCE
2026/09/28 23:12:39 INFO transaction handled correlationId=correlation messageId=message-op-15 transactionId=00000000-0000-4000-8000-000000000047 walletId=00000000-0000-4000-8000-000000000001 providerId=p status=REJECTED
2026/09/28 23:12:39 INFO transaction handled correlationId=correlation messageId="" transactionId=00000000-0000-4000-8000-000000000049 walletId=00000000-0000-4000-8000-000000000001 providerId=p status=REJECTED
2026/09/28 23:12:39 INFO transaction handled correlationId=correlation messageId=message-op-17 transactionId=00000000-0000-4000-8000-000000000051 walletId=00000000-0000-4000-8000-000000000001 providerId=p status=REJECTED
2026/09/28 23:12:39 INFO transaction handled correlationId=correlation messageId="" transactionId=00000000-0000-4000-8000-000000000053 walletId=00000000-0000-4000-8000-000000000001 providerId=p status=PROCESSED
2026/09/28 23:12:39 INFO transaction handled correlationId=correlation messageId=message-op-19 transactionId=00000000-0000-4000-8000-000000000057 walletId=00000000-0000-4000-8000-000000000001 providerId=p status=REJECTED
2026/09/28 23:12:39 INFO transaction handled correlationId=correlation messageId="" transactionId=00000000-0000-4000-8000-000000000059 walletId=00000000-0000-4000-8000-000000000001 providerId=p status=PROCESSED
2026/09/28 23:12:39 INFO transaction handled correlationId=correlation messageId=message-op-21 transactionId=00000000-0000-4000-8000-000000000063 walletId=00000000-0000-4000-8000-000000000001 providerId=p status=PROCESSED
2026/09/28 23:12:39 INFO transaction handled correlationId=correlation messageId=message-op-21 transactionId=00000000-0000-4000-8000-000000000063 walletId=00000000-0000-4000-8000-000000000001 providerId=p status=PROCESSED
2026/09/28 23:12:39 INFO transaction handled correlationId=correlation messageId="" transactionId=00000000-0000-4000-8000-000000000068 walletId=00000000-0000-4000-8000-000000000001 providerId=p status=REJECTED
2026/09/28 23:12:39 INFO transaction handled correlationId=correlation messageId=message-op-23 transactionId=00000000-0000-4000-8000-000000000070 walletId=00000000-0000-4000-8000-000000000001 providerId=p status=PROCESSED
2026/09/28 23:12:39 INFO transaction handled correlationId=correlation messageId="" transactionId=00000000-0000-4000-8000-000000000074 walletId=00000000-0000-4000-8000-000000000001 providerId=p status=PROCESSED
2026/09/28 23:12:39 INFO transaction handled correlationId=correlation messageId=message-op-25 transactionId=00000000-0000-4000-8000-000000000076 walletId=00000000-0000-4000-8000-000000000001 providerId=p status=PROCESSED
2026/09/28 23:12:39 INFO transaction handled correlationId=correlation messageId="" transactionId=00000000-0000-4000-8000-000000000080 walletId=00000000-0000-4000-8000-000000000001 providerId=p status=PROCESSED
2026/09/28 23:12:39 INFO transaction handled correlationId=correlation messageId=message-op-27 transactionId=00000000-0000-4000-8000-000000000084 walletId=00000000-0000-4000-8000-000000000001 providerId=p status=PROCESSED
2026/09/28 23:12:39 INFO transaction handled correlationId=correlation messageId="" transactionId=00000000-0000-4000-8000-000000000086 walletId=00000000-0000-4000-8000-000000000001 providerId=p status=PROCESSED
2026/09/28 23:12:39 INFO transaction handled correlationId=correlation messageId="" transactionId=00000000-0000-4000-8000-000000000086 walletId=00000000-0000-4000-8000-000000000001 providerId=p status=PROCESSED
2026/09/28 23:12:39 INFO transaction handled correlationId=correlation messageId=message-op-29 transactionId=00000000-0000-4000-8000-000000000089 walletId=00000000-0000-4000-8000-000000000001 providerId=p status=REJECTED
2026/09/28 23:12:39 INFO transaction handled correlationId=correlation messageId="" transactionId=00000000-0000-4000-8000-000000000091 walletId=00000000-0000-4000-8000-000000000001 providerId=p status=REJECTED
2026/09/28 23:12:39 INFO transaction handled correlationId=correlation messageId=message-op-31 transactionId=00000000-0000-4000-8000-000000000093 walletId=00000000-0000-4000-8000-000000000001 providerId=p status=PROCESSED
2026/09/28 23:12:39 INFO transaction handled correlationId=correlation messageId="" transactionId=00000000-0000-4000-8000-000000000097 walletId=00000000-0000-4000-8000-000000000001 providerId=p status=PROCESSED
2026/09/28 23:12:39 INFO transaction handled correlationId=correlation messageId=message-op-33 transactionId=00000000-0000-4000-8000-000000000099 walletId=00000000-0000-4000-8000-000000000001 providerId=p status=REJECTED
2026/09/28 23:12:39 INFO transaction handled correlationId=correlation messageId="" transactionId=00000000-0000-4000-8000-000000000101 walletId=00000000-0000-4000-8000-000000000001 providerId=p status=PROCESSED
2026/09/28 23:12:39 INFO transaction handled correlationId=correlation messageId=message-op-35 transactionId=00000000-0000-4000-8000-000000000103 walletId=00000000-0000-4000-8000-000000000001 providerId=p status=PROCESSED
2026/09/28 23:12:39 INFO transaction handled correlationId=correlation messageId=message-op-35 transactionId=00000000-0000-4000-8000-000000000103 walletId=00000000-0000-4000-8000-000000000001 providerId=p status=PROCESSED
2026/09/28 23:12:39 INFO transaction handled correlationId=correlation messageId="" transactionId=00000000-0000-4000-8000-000000000108 walletId=00000000-0000-4000-8000-000000000001 providerId=p status=REJECTED
2026/09/28 23:12:39 INFO transaction handled correlationId=correlation messageId=message-op-37 transactionId=00000000-0000-4000-8000-000000000110 walletId=00000000-0000-4000-8000-000000000001 providerId=p status=PROCESSED
2026/09/28 23:12:39 INFO transaction handled correlationId=correlation messageId="" transactionId=00000000-0000-4000-8000-000000000114 walletId=00000000-0000-4000-8000-000000000001 providerId=p status=REJECTED
2026/09/28 23:12:39 INFO transaction handled correlationId=correlation messageId=message-op-39 transactionId=00000000-0000-4000-8000-000000000116 walletId=00000000-0000-4000-8000-000000000001 providerId=p status=REJECTED
2026/09/28 23:12:39 INFO transaction handled correlationId=correlation messageId="" transactionId=00000000-0000-4000-8000-000000000118 walletId=00000000-0000-4000-8000-000000000001 providerId=p status=REJECTED
2026/09/28 23:12:39 INFO transaction handled correlationId=correlation messageId=message-op-41 transactionId=00000000-0000-4000-8000-000000000120 walletId=00000000-0000-4000-8000-000000000001 providerId=p status=PROCESSED
2026/09/28 23:12:39 INFO transaction handled correlationId=correlation messageId="" transactionId=00000000-0000-4000-8000-000000000124 walletId=00000000-0000-4000-8000-000000000001 providerId=p status=REJECTED
2026/09/28 23:12:39 INFO transaction handled correlationId=correlation messageId="" transactionId=00000000-0000-4000-8000-000000000124 walletId=00000000-0000-4000-8000-000000000001 providerId=p status=REJECTED
2026/09/28 23:12:39 INFO transaction handled correlationId=correlation messageId=message-op-43 transactionId=00000000-0000-4000-8000-000000000127 walletId=00000000-0000-4000-8000-000000000001 providerId=p status=REJECTED
2026/09/28 23:12:39 INFO transaction handled correlationId=correlation messageId="" transactionId=00000000-0000-4000-8000-000000000129 walletId=00000000-0000-4000-8000-000000000001 providerId=p status=PROCESSED
2026/09/28 23:12:39 INFO transaction handled correlationId=correlation messageId=message-op-45 transactionId=00000000-0000-4000-8000-000000000133 walletId=00000000-0000-4000-8000-000000000001 providerId=p status=PROCESSED
2026/09/28 23:12:39 INFO transaction handled correlationId=correlation messageId="" transactionId=00000000-0000-4000-8000-000000000135 walletId=00000000-0000-4000-8000-000000000001 providerId=p status=PROCESSED
2026/09/28 23:12:39 INFO transaction handled correlationId=correlation messageId=message-op-47 transactionId=00000000-0000-4000-8000-000000000139 walletId=00000000-0000-4000-8000-000000000001 providerId=p status=REJECTED
2026/09/28 23:12:39 INFO transaction handled correlationId=correlation messageId="" transactionId=00000000-0000-4000-8000-000000000141 walletId=00000000-0000-4000-8000-000000000001 providerId=p status=REJECTED
2026/09/28 23:12:39 INFO transaction handled correlationId=correlation messageId=message-op-49 transactionId=00000000-0000-4000-8000-000000000143 walletId=00000000-0000-4000-8000-000000000001 providerId=p status=REJECTED
2026/09/28 23:12:39 INFO transaction handled correlationId=correlation messageId=message-op-49 transactionId=00000000-0000-4000-8000-000000000143 walletId=00000000-0000-4000-8000-000000000001 providerId=p status=REJECTED
2026/09/28 23:12:39 INFO transaction handled correlationId=correlation messageId="" transactionId=00000000-0000-4000-8000-000000000146 walletId=00000000-0000-4000-8000-000000000001 providerId=p status=REJECTED
2026/09/28 23:12:39 INFO transaction handled correlationId=correlation messageId=message-op-51 transactionId=00000000-0000-4000-8000-000000000148 walletId=00000000-0000-4000-8000-000000000001 providerId=p status=REJECTED
2026/09/28 23:12:39 INFO transaction handled correlationId=correlation messageId="" transactionId=00000000-0000-4000-8000-000000000150 walletId=00000000-0000-4000-8000-000000000001 providerId=p status=REJECTED
2026/09/28 23:12:39 INFO transaction handled correlationId=correlation messageId=message-op-53 transactionId=00000000-0000-4000-8000-000000000152 walletId=00000000-0000-4000-8000-000000000001 providerId=p status=REJECTED
2026/09/28 23:12:39 INFO transaction handled correlationId=correlation messageId="" transactionId=00000000-0000-4000-8000-000000000154 walletId=00000000-0000-4000-8000-000000000001 providerId=p status=REJECTED
2026/09/28 23:12:39 INFO transaction handled correlationId=correlation messageId=message-op-55 transactionId=00000000-0000-4000-8000-000000000156 walletId=00000000-0000-4000-8000-000000000001 providerId=p status=REJECTED
2026/09/28 23:12:39 INFO transaction handled correlationId=correlation messageId="" transactionId=00000000-0000-4000-8000-000000000158 walletId=00000000-0000-4000-8000-000000000001 providerId=p status=PROCESSED
2026/09/28 23:12:39 INFO transaction handled correlationId=correlation messageId="" transactionId=00000000-0000-4000-8000-000000000158 walletId=00000000-0000-4000-8000-000000000001 providerId=p status=PROCESSED
2026/09/28 23:12:39 INFO transaction handled correlationId=correlation messageId=message-op-57 transactionId=00000000-0000-4000-8000-000000000163 walletId=00000000-0000-4000-8000-000000000001 providerId=p status=PROCESSED
2026/09/28 23:12:39 INFO transaction handled correlationId=correlation messageId="" transactionId=00000000-0000-4000-8000-000000000167 walletId=00000000-0000-4000-8000-000000000001 providerId=p status=REJECTED
2026/09/28 23:12:39 INFO transaction handled correlationId=correlation messageId=message-op-59 transactionId=00000000-0000-4000-8000-000000000169 walletId=00000000-0000-4000-8000-000000000001 providerId=p status=PROCESSED
2026/09/28 23:12:39 INFO transaction handled correlationId=correlation messageId="" transactionId=00000000-0000-4000-8000-000000000173 walletId=00000000-0000-4000-8000-000000000001 providerId=p status=REJECTED
2026/09/28 23:12:39 INFO transaction handled correlationId=correlation messageId=message-op-61 transactionId=00000000-0000-4000-8000-000000000175 walletId=00000000-0000-4000-8000-000000000001 providerId=p status=REJECTED
2026/09/28 23:12:39 INFO transaction handled correlationId=correlation messageId="" transactionId=00000000-0000-4000-8000-000000000177 walletId=00000000-0000-4000-8000-000000000001 providerId=p status=PROCESSED
2026/09/28 23:12:39 INFO transaction handled correlationId=correlation messageId=message-op-63 transactionId=00000000-0000-4000-8000-000000000179 walletId=00000000-0000-4000-8000-000000000001 providerId=p status=PROCESSED
2026/09/28 23:12:39 INFO transaction handled correlationId=correlation messageId=message-op-63 transactionId=00000000-0000-4000-8000-000000000179 walletId=00000000-0000-4000-8000-000000000001 providerId=p status=PROCESSED
2026/09/28 23:12:39 INFO transaction handled correlationId=correlation messageId="" transactionId=00000000-0000-4000-8000-000000000184 walletId=00000000-0000-4000-8000-000000000001 providerId=p status=PROCESSED
2026/09/28 23:12:39 INFO transaction handled correlationId=correlation messageId=message-op-65 transactionId=00000000-0000-4000-8000-000000000188 walletId=00000000-0000-4000-8000-000000000001 providerId=p status=PROCESSED
2026/09/28 23:12:39 INFO transaction handled correlationId=correlation messageId="" transactionId=00000000-0000-4000-8000-000000000192 walletId=00000000-0000-4000-8000-000000000001 providerId=p status=PROCESSED
2026/09/28 23:12:39 INFO transaction handled correlationId=correlation messageId=message-op-67 transactionId=00000000-0000-4000-8000-000000000196 walletId=00000000-0000-4000-8000-000000000001 providerId=p status=REJECTED
2026/09/28 23:12:39 INFO transaction handled correlationId=correlation messageId="" transactionId=00000000-0000-4000-8000-000000000198 walletId=00000000-0000-4000-8000-000000000001 providerId=p status=PROCESSED
2026/09/28 23:12:39 INFO transaction handled correlationId=correlation messageId=message-op-69 transactionId=00000000-0000-4000-8000-000000000200 walletId=00000000-0000-4000-8000-000000000001 providerId=p status=REJECTED
2026/09/28 23:12:39 INFO transaction handled correlationId=correlation messageId="" transactionId=00000000-0000-4000-8000-000000000202 walletId=00000000-0000-4000-8000-000000000001 providerId=p status=REJECTED
2026/09/28 23:12:39 INFO transaction handled correlationId=correlation messageId="" transactionId=00000000-0000-4000-8000-000000000202 walletId=00000000-0000-4000-8000-000000000001 providerId=p status=REJECTED
2026/09/28 23:12:39 INFO transaction handled correlationId=correlation messageId=message-op-71 transactionId=00000000-0000-4000-8000-000000000205 walletId=00000000-0000-4000-8000-000000000001 providerId=p status=REJECTED
2026/09/28 23:12:39 INFO transaction handled correlationId=correlation messageId="" transactionId=00000000-0000-4000-8000-000000000207 walletId=00000000-0000-4000-8000-000000000001 providerId=p status=PROCESSED
2026/09/28 23:12:39 INFO transaction handled correlationId=correlation messageId=message-op-73 transactionId=00000000-0000-4000-8000-000000000209 walletId=00000000-0000-4000-8000-000000000001 providerId=p status=PROCESSED
2026/09/28 23:12:39 INFO transaction handled correlationId=correlation messageId="" transactionId=00000000-0000-4000-8000-000000000213 walletId=00000000-0000-4000-8000-000000000001 providerId=p status=PROCESSED
2026/09/28 23:12:39 INFO transaction handled correlationId=correlation messageId=message-op-75 transactionId=00000000-0000-4000-8000-000000000217 walletId=00000000-0000-4000-8000-000000000001 providerId=p status=REJECTED
2026/09/28 23:12:39 INFO transaction handled correlationId=correlation messageId="" transactionId=00000000-0000-4000-8000-000000000219 walletId=00000000-0000-4000-8000-000000000001 providerId=p status=REJECTED
2026/09/28 23:12:39 INFO transaction handled correlationId=correlation messageId=message-op-77 transactionId=00000000-0000-4000-8000-000000000221 walletId=00000000-0000-4000-8000-000000000001 providerId=p status=PROCESSED
2026/09/28 23:12:39 INFO transaction handled correlationId=correlation messageId=message-op-77 transactionId=00000000-0000-4000-8000-000000000221 walletId=00000000-0000-4000-8000-000000000001 providerId=p status=PROCESSED
2026/09/28 23:12:39 INFO transaction handled correlationId=correlation messageId="" transactionId=00000000-0000-4000-8000-000000000224 walletId=00000000-0000-4000-8000-000000000001 providerId=p status=PROCESSED
2026/09/28 23:12:39 INFO transaction handled correlationId=correlation messageId=message-op-79 transactionId=00000000-0000-4000-8000-000000000228 walletId=00000000-0000-4000-8000-000000000001 providerId=p status=PROCESSED
2026/09/28 23:12:39 INFO transaction handled correlationId=correlation messageId="" transactionId=00000000-0000-4000-8000-000000000006 walletId=00000000-0000-4000-8000-000000000001 providerId=p status=PENDING_REFERENCE
2026/09/28 23:12:39 INFO transaction handled correlationId=correlation messageId="" transactionId=00000000-0000-4000-8000-000000000006 walletId=00000000-0000-4000-8000-000000000001 providerId=p status=PENDING_REFERENCE
2026/09/28 23:12:39 INFO transaction handled correlationId=correlation messageId=message-op-1 transactionId=00000000-0000-4000-8000-000000000009 walletId=00000000-0000-4000-8000-000000000001 providerId=p status=PENDING_REFERENCE
2026/09/28 23:12:39 INFO transaction handled correlationId=correlation messageId="" transactionId=00000000-0000-4000-8000-000000000011 walletId=00000000-0000-4000-8000-000000000001 providerId=p status=REJECTED
2026/09/28 23:12:39 INFO transaction handled correlationId=correlation messageId=message-op-3 transactionId=00000000-0000-4000-8000-000000000013 walletId=00000000-0000-4000-8000-000000000001 providerId=p status=PROCESSED
2026/09/28 23:12:39 INFO transaction handled correlationId=correlation messageId="" transactionId=00000000-0000-4000-8000-000000000015 walletId=00000000-0000-4000-8000-000000000001 providerId=p status=PROCESSED
2026/09/28 23:12:39 INFO transaction handled correlationId=correlation messageId=message-op-5 transactionId=00000000-0000-4000-8000-000000000017 walletId=00000000-0000-4000-8000-000000000001 providerId=p status=PROCESSED
2026/09/28 23:12:39 INFO transaction handled correlationId=correlation messageId="" transactionId=00000000-0000-4000-8000-000000000021 walletId=00000000-0000-4000-8000-000000000001 providerId=p status=PROCESSED
2026/09/28 23:12:39 INFO transaction handled correlationId=correlation messageId=message-op-7 transactionId=00000000-0000-4000-8000-000000000023 walletId=00000000-0000-4000-8000-000000000001 providerId=p status=PROCESSED
2026/09/28 23:12:39 INFO transaction handled correlationId=correlation messageId=message-op-7 transactionId=00000000-0000-4000-8000-000000000023 walletId=00000000-0000-4000-8000-000000000001 providerId=p status=PROCESSED
2026/09/28 23:12:39 INFO transaction handled correlationId=correlation messageId="" transactionId=00000000-0000-4000-8000-000000000026 walletId=00000000-0000-4000-8000-000000000001 providerId=p status=PROCESSED
2026/09/28 23:12:39 INFO transaction handled correlationId=correlation messageId=message-op-9 transactionId=00000000-0000-4000-8000-000000000030 walletId=00000000-0000-4000-8000-000000000001 providerId=p status=PROCESSED
2026/09/28 23:12:39 INFO transaction handled correlationId=correlation messageId="" transactionId=00000000-0000-4000-8000-000000000032 walletId=00000000-0000-4000-8000-000000000001 providerId=p status=PROCESSED
2026/09/28 23:12:39 INFO transaction handled correlationId=correlation messageId=message-op-11 transactionId=00000000-0000-4000-8000-000000000036 walletId=00000000-0000-4000-8000-000000000001 providerId=p status=PROCESSED
2026/09/28 23:12:39 INFO transaction handled correlationId=correlation messageId="" transactionId=00000000-0000-4000-8000-000000000040 walletId=00000000-0000-4000-8000-000000000001 providerId=p status=REJECTED
2026/09/28 23:12:39 INFO transaction handled correlationId=correlation messageId=message-op-13 transactionId=00000000-0000-4000-8000-000000000042 walletId=00000000-0000-4000-8000-000000000001 providerId=p status=PROCESSED
2026/09/28 23:12:39 INFO transaction handled correlationId=correlation messageId="" transactionId=00000000-0000-4000-8000-000000000046 walletId=00000000-0000-4000-8000-000000000001 providerId=p status=REJECTED
2026/09/28 23:12:39 INFO transaction handled correlationId=correlation messageId="" transactionId=00000000-0000-4000-8000-000000000046 walletId=00000000-0000-4000-8000-000000000001 providerId=p status=REJECTED
2026/09/28 23:12:39 INFO transaction handled correlationId=correlation messageId=message-op-15 transactionId=00000000-0000-4000-8000-000000000049 walletId=00000000-0000-4000-8000-000000000001 providerId=p status=REJECTED
2026/09/28 23:12:39 INFO transaction handled correlationId=correlation messageId="" transactionId=00000000-0000-4000-8000-000000000051 walletId=00000000-0000-4000-8000-000000000001 providerId=p status=PROCESSED
2026/09/28 23:12:39 INFO transaction handled correlationId=correlation messageId=message-op-17 transactionId=00000000-0000-4000-8000-000000000053 walletId=00000000-0000-4000-8000-000000000001 providerId=p status=PROCESSED
2026/09/28 23:12:39 INFO transaction handled correlationId=correlation messageId="" transactionId=00000000-0000-4000-8000-000000000057 walletId=00000000-0000-4000-8000-000000000001 providerId=p status=REJECTED
2026/09/28 23:12:39 INFO transaction handled correlationId=correlation messageId=message-op-19 transactionId=00000000-0000-4000-8000-000000000059 walletId=00000000-0000-4000-8000-000000000001 providerId=p status=PROCESSED
2026/09/28 23:12:39 INFO transaction handled correlationId=correlation messageId="" transactionId=00000000-0000-4000-8000-000000000061 walletId=00000000-0000-4000-8000-000000000001 providerId=p status=PROCESSED
2026/09/28 23:12:39 INFO transaction handled correlationId=correlation messageId=message-op-21 transactionId=00000000-0000-4000-8000-000000000065 walletId=00000000-0000-4000-8000-000000000001 providerId=p status=REJECTED
2026/09/28 23:12:39 INFO transaction handled correlationId=correlation messageId=message-op-21 transactionId=00000000-0000-4000-8000-000000000065 walletId=00000000-0000-4000-8000-000000000001 providerId=p status=REJECTED
2026/09/28 23:12:39 INFO transaction handled correlationId=correlation messageId="" transactionId=00000000-0000-4000-8000-000000000068 walletId=00000000-0000-4000-8000-000000000001 providerId=p status=PROCESSED
2026/09/28 23:12:39 INFO transaction handled correlationId=correlation messageId=message-op-23 transactionId=00000000-0000-4000-8000-000000000072 walletId=00000000-0000-4000-8000-000000000001 providerId=p status=REJECTED
2026/09/28 23:12:39 INFO transaction handled correlationId=correlation messageId="" transactionId=00000000-0000-4000-8000-000000000074 walletId=00000000-0000-4000-8000-000000000001 providerId=p status=REJECTED
2026/09/28 23:12:39 INFO transaction handled correlationId=correlation messageId=message-op-25 transactionId=00000000-0000-4000-8000-000000000076 walletId=00000000-0000-4000-8000-000000000001 providerId=p status=REJECTED
2026/09/28 23:12:39 INFO transaction handled correlationId=correlation messageId="" transactionId=00000000-0000-4000-8000-000000000078 walletId=00000000-0000-4000-8000-000000000001 providerId=p status=PROCESSED
2026/09/28 23:12:39 INFO transaction handled correlationId=correlation messageId=message-op-27 transactionId=00000000-0000-4000-8000-000000000080 walletId=00000000-0000-4000-8000-000000000001 providerId=p status=REJECTED
2026/09/28 23:12:39 INFO transaction handled correlationId=correlation messageId="" transactionId=00000000-0000-4000-8000-000000000082 walletId=00000000-0000-4000-8000-000000000001 providerId=p status=PROCESSED
2026/09/28 23:12:39 INFO transaction handled correlationId=correlation messageId="" transactionId=00000000-0000-4000-8000-000000000082 walletId=00000000-0000-4000-8000-000000000001 providerId=p status=PROCESSED
2026/09/28 23:12:39 INFO transaction handled correlationId=correlation messageId=message-op-29 transactionId=00000000-0000-4000-8000-000000000085 walletId=00000000-0000-4000-8000-000000000001 providerId=p status=REJECTED
2026/09/28 23:12:39 INFO transaction handled correlationId=correlation messageId="" transactionId=00000000-0000-4000-8000-000000000087 walletId=00000000-0000-4000-8000-000000000001 providerId=p status=REJECTED
2026/09/28 23:12:39 INFO transaction handled correlationId=correlation messageId=message-op-31 transactionId=00000000-0000-4000-8000-000000000089 walletId=00000000-0000-4000-8000-000000000001 providerId=p status=PROCESSED
2026/09/28 23:12:39 INFO transaction handled correlationId=correlation messageId="" transactionId=00000000-0000-4000-8000-000000000091 walletId=00000000-0000-4000-8000-000000000001 providerId=p status=PROCESSED
2026/09/28 23:12:39 INFO transaction handled correlationId=correlation messageId=message-op-33 transactionId=00000000-0000-4000-8000-000000000093 walletId=00000000-0000-4000-8000-000000000001 providerId=p status=REJECTED
2026/09/28 23:12:39 INFO transaction handled correlationId=correlation messageId="" transactionId=00000000-0000-4000-8000-000000000095 walletId=00000000-0000-4000-8000-000000000001 providerId=p status=REJECTED
2026/09/28 23:12:39 INFO transaction handled correlationId=correlation messageId=message-op-35 transactionId=00000000-0000-4000-8000-000000000097 walletId=00000000-0000-4000-8000-000000000001 providerId=p status=PROCESSED
2026/09/28 23:12:39 INFO transaction handled correlationId=correlation messageId=message-op-35 transactionId=00000000-0000-4000-8000-000000000097 walletId=00000000-0000-4000-8000-000000000001 providerId=p status=PROCESSED
2026/09/28 23:12:39 INFO transaction handled correlationId=correlation messageId="" transactionId=00000000-0000-4000-8000-000000000102 walletId=00000000-0000-4000-8000-000000000001 providerId=p status=PROCESSED
2026/09/28 23:12:39 INFO transaction handled correlationId=correlation messageId=message-op-37 transactionId=00000000-0000-4000-8000-000000000106 walletId=00000000-0000-4000-8000-000000000001 providerId=p status=REJECTED
2026/09/28 23:12:39 INFO transaction handled correlationId=correlation messageId="" transactionId=00000000-0000-4000-8000-000000000108 walletId=00000000-0000-4000-8000-000000000001 providerId=p status=PROCESSED
2026/09/28 23:12:39 INFO transaction handled correlationId=correlation messageId=message-op-39 transactionId=00000000-0000-4000-8000-000000000110 walletId=00000000-0000-4000-8000-000000000001 providerId=p status=PROCESSED
2026/09/28 23:12:39 INFO transaction handled correlationId=correlation messageId="" transactionId=00000000-0000-4000-8000-000000000114 walletId=00000000-0000-4000-8000-000000000001 providerId=p status=REJECTED
2026/09/28 23:12:39 INFO transaction handled correlationId=correlation messageId=message-op-41 transactionId=00000000-0000-4000-8000-000000000116 walletId=00000000-0000-4000-8000-000000000001 providerId=p status=PROCESSED
2026/09/28 23:12:39 INFO transaction handled correlationId=correlation messageId="" transactionId=00000000-0000-4000-8000-000000000120 walletId=00000000-0000-4000-8000-000000000001 providerId=p status=REJECTED
2026/09/28 23:12:39 INFO transaction handled correlationId=correlation messageId="" transactionId=00000000-0000-4000-8000-000000000120 walletId=00000000-0000-4000-8000-000000000001 providerId=p status=REJECTED
2026/09/28 23:12:39 INFO transaction handled correlationId=correlation messageId=message-op-43 transactionId=00000000-0000-4000-8000-000000000123 walletId=00000000-0000-4000-8000-000000000001 providerId=p status=REJECTED
2026/09/28 23:12:39 INFO transaction handled correlationId=correlation messageId="" transactionId=00000000-0000-4000-8000-000000000125 walletId=00000000-0000-4000-8000-000000000001 providerId=p status=PROCESSED
2026/09/28 23:12:39 INFO transaction handled correlationId=correlation messageId=message-op-45 transactionId=00000000-0000-4000-8000-000000000127 walletId=00000000-0000-4000-8000-000000000001 providerId=p status=PROCESSED
2026/09/28 23:12:39 INFO transaction handled correlationId=correlation messageId="" transactionId=00000000-0000-4000-8000-000000000129 walletId=00000000-0000-4000-8000-000000000001 providerId=p status=PROCESSED
2026/09/28 23:12:39 INFO transaction handled correlationId=correlation messageId=message-op-47 transactionId=00000000-0000-4000-8000-000000000133 walletId=00000000-0000-4000-8000-000000000001 providerId=p status=REJECTED
2026/09/28 23:12:39 INFO transaction handled correlationId=correlation messageId="" transactionId=00000000-0000-4000-8000-000000000135 walletId=00000000-0000-4000-8000-000000000001 providerId=p status=PROCESSED
2026/09/28 23:12:39 INFO transaction handled correlationId=correlation messageId=message-op-49 transactionId=00000000-0000-4000-8000-000000000139 walletId=00000000-0000-4000-8000-000000000001 providerId=p status=PROCESSED
2026/09/28 23:12:39 INFO transaction handled correlationId=correlation messageId=message-op-49 transactionId=00000000-0000-4000-8000-000000000139 walletId=00000000-0000-4000-8000-000000000001 providerId=p status=PROCESSED
2026/09/28 23:12:39 INFO transaction handled correlationId=correlation messageId="" transactionId=00000000-0000-4000-8000-000000000144 walletId=00000000-0000-4000-8000-000000000001 providerId=p status=REJECTED
2026/09/28 23:12:39 INFO transaction handled correlationId=correlation messageId=message-op-51 transactionId=00000000-0000-4000-8000-000000000146 walletId=00000000-0000-4000-8000-000000000001 providerId=p status=PROCESSED
2026/09/28 23:12:39 INFO transaction handled correlationId=correlation messageId="" transactionId=00000000-0000-4000-8000-000000000148 walletId=00000000-0000-4000-8000-000000000001 providerId=p status=PROCESSED
2026/09/28 23:12:39 INFO transaction handled correlationId=correlation messageId=message-op-53 transactionId=00000000-0000-4000-8000-000000000152 walletId=00000000-0000-4000-8000-000000000001 providerId=p status=REJECTED
2026/09/28 23:12:39 INFO transaction handled correlationId=correlation messageId="" transactionId=00000000-0000-4000-8000-000000000154 walletId=00000000-0000-4000-8000-000000000001 providerId=p status=REJECTED
2026/09/28 23:12:39 INFO transaction handled correlationId=correlation messageId=message-op-55 transactionId=00000000-0000-4000-8000-000000000156 walletId=00000000-0000-4000-8000-000000000001 providerId=p status=PROCESSED
2026/09/28 23:12:39 INFO transaction handled correlationId=correlation messageId="" transactionId=00000000-0000-4000-8000-000000000160 walletId=00000000-0000-4000-8000-000000000001 providerId=p status=REJECTED
2026/09/28 23:12:39 INFO transaction handled correlationId=correlation messageId="" transactionId=00000000-0000-4000-8000-000000000160 walletId=00000000-0000-4000-8000-000000000001 providerId=p status=REJECTED
2026/09/28 23:12:39 INFO transaction handled correlationId=correlation messageId=message-op-57 transactionId=00000000-0000-4000-8000-000000000163 walletId=00000000-0000-4000-8000-000000000001 providerId=p status=PROCESSED
2026/09/28 23:12:39 INFO transaction handled correlationId=correlation messageId="" transactionId=00000000-0000-4000-8000-000000000165 walletId=00000000-0000-4000-8000-000000000001 providerId=p status=PROCESSED
2026/09/28 23:12:39 INFO transaction handled correlationId=correlation messageId=message-op-59 transactionId=00000000-0000-4000-8000-000000000167 walletId=00000000-0000-4000-8000-000000000001 providerId=p status=REJECTED
2026/09/28 23:12:39 INFO transaction handled correlationId=correlation messageId="" transactionId=00000000-0000-4000-8000-000000000169 walletId=00000000-0000-4000-8000-000000000001 providerId=p status=PROCESSED
2026/09/28 23:12:39 INFO transaction handled correlationId=correlation messageId=message-op-61 transactionId=00000000-0000-4000-8000-000000000173 walletId=00000000-0000-4000-8000-000000000001 providerId=p status=REJECTED
2026/09/28 23:12:39 INFO transaction handled correlationId=correlation messageId="" transactionId=00000000-0000-4000-8000-000000000175 walletId=00000000-0000-4000-8000-000000000001 providerId=p status=PROCESSED
2026/09/28 23:12:39 INFO transaction handled correlationId=correlation messageId=message-op-63 transactionId=00000000-0000-4000-8000-000000000177 walletId=00000000-0000-4000-8000-000000000001 providerId=p status=PROCESSED
2026/09/28 23:12:39 INFO transaction handled correlationId=correlation messageId=message-op-63 transactionId=00000000-0000-4000-8000-000000000177 walletId=00000000-0000-4000-8000-000000000001 providerId=p status=PROCESSED
2026/09/28 23:12:39 INFO transaction handled correlationId=correlation messageId="" transactionId=00000000-0000-4000-8000-000000000182 walletId=00000000-0000-4000-8000-000000000001 providerId=p status=PROCESSED
2026/09/28 23:12:39 INFO transaction handled correlationId=correlation messageId=message-op-65 transactionId=00000000-0000-4000-8000-000000000184 walletId=00000000-0000-4000-8000-000000000001 providerId=p status=REJECTED
2026/09/28 23:12:39 INFO transaction handled correlationId=correlation messageId="" transactionId=00000000-0000-4000-8000-000000000186 walletId=00000000-0000-4000-8000-000000000001 providerId=p status=REJECTED
2026/09/28 23:12:39 INFO transaction handled correlationId=correlation messageId=message-op-67 transactionId=00000000-0000-4000-8000-000000000188 walletId=00000000-0000-4000-8000-000000000001 providerId=p status=PROCESSED
2026/09/28 23:12:39 INFO transaction handled correlationId=correlation messageId="" transactionId=00000000-0000-4000-8000-000000000192 walletId=00000000-0000-4000-8000-000000000001 providerId=p status=REJECTED
2026/09/28 23:12:39 INFO transaction handled correlationId=correlation messageId=message-op-69 transactionId=00000000-0000-4000-8000-000000000194 walletId=00000000-0000-4000-8000-000000000001 providerId=p status=REJECTED
2026/09/28 23:12:39 INFO transaction handled correlationId=correlation messageId="" transactionId=00000000-0000-4000-8000-000000000196 walletId=00000000-0000-4000-8000-000000000001 providerId=p status=REJECTED
2026/09/28 23:12:39 INFO transaction handled correlationId=correlation messageId="" transactionId=00000000-0000-4000-8000-000000000196 walletId=00000000-0000-4000-8000-000000000001 providerId=p status=REJECTED
2026/09/28 23:12:39 INFO transaction handled correlationId=correlation messageId=message-op-71 transactionId=00000000-0000-4000-8000-000000000199 walletId=00000000-0000-4000-8000-000000000001 providerId=p status=PROCESSED
2026/09/28 23:12:39 INFO transaction handled correlationId=correlation messageId="" transactionId=00000000-0000-4000-8000-000000000201 walletId=00000000-0000-4000-8000-000000000001 providerId=p status=REJECTED
2026/09/28 23:12:39 INFO transaction handled correlationId=correlation messageId=message-op-73 transactionId=00000000-0000-4000-8000-000000000203 walletId=00000000-0000-4000-8000-000000000001 providerId=p status=PROCESSED
2026/09/28 23:12:39 INFO transaction handled correlationId=correlation messageId="" transactionId=00000000-0000-4000-8000-000000000205 walletId=00000000-0000-4000-8000-000000000001 providerId=p status=REJECTED
2026/09/28 23:12:39 INFO transaction handled correlationId=correlation messageId=message-op-75 transactionId=00000000-0000-4000-8000-000000000207 walletId=00000000-0000-4000-8000-000000000001 providerId=p status=REJECTED
2026/09/28 23:12:39 INFO transaction handled correlationId=correlation messageId="" transactionId=00000000-0000-4000-8000-000000000209 walletId=00000000-0000-4000-8000-000000000001 providerId=p status=REJECTED
2026/09/28 23:12:39 INFO transaction handled correlationId=correlation messageId=message-op-77 transactionId=00000000-0000-4000-8000-000000000211 walletId=00000000-0000-4000-8000-000000000001 providerId=p status=REJECTED
2026/09/28 23:12:39 INFO transaction handled correlationId=correlation messageId=message-op-77 transactionId=00000000-0000-4000-8000-000000000211 walletId=00000000-0000-4000-8000-000000000001 providerId=p status=REJECTED
2026/09/28 23:12:39 INFO transaction handled correlationId=correlation messageId="" transactionId=00000000-0000-4000-8000-000000000214 walletId=00000000-0000-4000-8000-000000000001 providerId=p status=PROCESSED
2026/09/28 23:12:39 INFO transaction handled correlationId=correlation messageId=message-op-79 transactionId=00000000-0000-4000-8000-000000000216 walletId=00000000-0000-4000-8000-000000000001 providerId=p status=REJECTED
2026/09/28 23:12:39 INFO transaction handled correlationId=correlation messageId="" transactionId=00000000-0000-4000-8000-000000000006 walletId=00000000-0000-4000-8000-000000000001 providerId=p status=PENDING_REFERENCE
2026/09/28 23:12:39 INFO transaction handled correlationId=correlation messageId="" transactionId=00000000-0000-4000-8000-000000000006 walletId=00000000-0000-4000-8000-000000000001 providerId=p status=PENDING_REFERENCE
2026/09/28 23:12:39 INFO transaction handled correlationId=correlation messageId=message-op-1 transactionId=00000000-0000-4000-8000-000000000009 walletId=00000000-0000-4000-8000-000000000001 providerId=p status=PROCESSED
2026/09/28 23:12:39 INFO transaction handled correlationId=correlation messageId="" transactionId=00000000-0000-4000-8000-000000000011 walletId=00000000-0000-4000-8000-000000000001 providerId=p status=REJECTED
2026/09/28 23:12:39 INFO transaction handled correlationId=correlation messageId=message-op-3 transactionId=00000000-0000-4000-8000-000000000013 walletId=00000000-0000-4000-8000-000000000001 providerId=p status=REJECTED
2026/09/28 23:12:39 INFO transaction handled correlationId=correlation messageId="" transactionId=00000000-0000-4000-8000-000000000015 walletId=00000000-0000-4000-8000-000000000001 providerId=p status=REJECTED
2026/09/28 23:12:39 INFO transaction handled correlationId=correlation messageId=message-op-5 transactionId=00000000-0000-4000-8000-000000000017 walletId=00000000-0000-4000-8000-000000000001 providerId=p status=REJECTED
2026/09/28 23:12:39 INFO transaction handled correlationId=correlation messageId="" transactionId=00000000-0000-4000-8000-000000000019 walletId=00000000-0000-4000-8000-000000000001 providerId=p status=PROCESSED
2026/09/28 23:12:39 INFO transaction handled correlationId=correlation messageId=message-op-7 transactionId=00000000-0000-4000-8000-000000000021 walletId=00000000-0000-4000-8000-000000000001 providerId=p status=REJECTED
2026/09/28 23:12:39 INFO transaction handled correlationId=correlation messageId=message-op-7 transactionId=00000000-0000-4000-8000-000000000021 walletId=00000000-0000-4000-8000-000000000001 providerId=p status=REJECTED
2026/09/28 23:12:39 INFO transaction handled correlationId=correlation messageId="" transactionId=00000000-0000-4000-8000-000000000024 walletId=00000000-0000-4000-8000-000000000001 providerId=p status=REJECTED
2026/09/28 23:12:39 INFO transaction handled correlationId=correlation messageId=message-op-9 transactionId=00000000-0000-4000-8000-000000000026 walletId=00000000-0000-4000-8000-000000000001 providerId=p status=PROCESSED
2026/09/28 23:12:39 INFO transaction handled correlationId=correlation messageId="" transactionId=00000000-0000-4000-8000-000000000030 walletId=00000000-0000-4000-8000-000000000001 providerId=p status=PROCESSED
2026/09/28 23:12:39 INFO transaction handled correlationId=correlation messageId=message-op-11 transactionId=00000000-0000-4000-8000-000000000032 walletId=00000000-0000-4000-8000-000000000001 providerId=p status=REJECTED
2026/09/28 23:12:39 INFO transaction handled correlationId=correlation messageId="" transactionId=00000000-0000-4000-8000-000000000034 walletId=00000000-0000-4000-8000-000000000001 providerId=p status=REJECTED
2026/09/28 23:12:39 INFO transaction handled correlationId=correlation messageId=message-op-13 transactionId=00000000-0000-4000-8000-000000000036 walletId=00000000-0000-4000-8000-000000000001 providerId=p status=REJECTED
2026/09/28 23:12:39 INFO transaction handled correlationId=correlation messageId="" transactionId=00000000-0000-4000-8000-000000000038 walletId=00000000-0000-4000-8000-000000000001 providerId=p status=PROCESSED
2026/09/28 23:12:39 INFO transaction handled correlationId=correlation messageId="" transactionId=00000000-0000-4000-8000-000000000038 walletId=00000000-0000-4000-8000-000000000001 providerId=p status=PROCESSED
2026/09/28 23:12:39 INFO transaction handled correlationId=correlation messageId=message-op-15 transactionId=00000000-0000-4000-8000-000000000043 walletId=00000000-0000-4000-8000-000000000001 providerId=p status=PROCESSED
2026/09/28 23:12:39 INFO transaction handled correlationId=correlation messageId="" transactionId=00000000-0000-4000-8000-000000000045 walletId=00000000-0000-4000-8000-000000000001 providerId=p status=PROCESSED
2026/09/28 23:12:39 INFO transaction handled correlationId=correlation messageId=message-op-17 transactionId=00000000-0000-4000-8000-000000000047 walletId=00000000-0000-4000-8000-000000000001 providerId=p status=PROCESSED
2026/09/28 23:12:39 INFO transaction handled correlationId=correlation messageId="" transactionId=00000000-0000-4000-8000-000000000051 walletId=00000000-0000-4000-8000-000000000001 providerId=p status=PROCESSED
2026/09/28 23:12:39 INFO transaction handled correlationId=correlation messageId=message-op-19 transactionId=00000000-0000-4000-8000-000000000053 walletId=00000000-0000-4000-8000-000000000001 providerId=p status=REJECTED
2026/09/28 23:12:39 INFO transaction handled correlationId=correlation messageId="" transactionId=00000000-0000-4000-8000-000000000055 walletId=00000000-0000-4000-8000-000000000001 providerId=p status=REJECTED
2026/09/28 23:12:39 INFO transaction handled correlationId=correlation messageId=message-op-21 transactionId=00000000-0000-4000-8000-000000000057 walletId=00000000-0000-4000-8000-000000000001 providerId=p status=PROCESSED
2026/09/28 23:12:39 INFO transaction handled correlationId=correlation messageId=message-op-21 transactionId=00000000-0000-4000-8000-000000000057 walletId=00000000-0000-4000-8000-000000000001 providerId=p status=PROCESSED
2026/09/28 23:12:39 INFO transaction handled correlationId=correlation messageId="" transactionId=00000000-0000-4000-8000-000000000060 walletId=00000000-0000-4000-8000-000000000001 providerId=p status=REJECTED
2026/09/28 23:12:39 INFO transaction handled correlationId=correlation messageId=message-op-23 transactionId=00000000-0000-4000-8000-000000000062 walletId=00000000-0000-4000-8000-000000000001 providerId=p status=REJECTED
2026/09/28 23:12:39 INFO transaction handled correlationId=correlation messageId="" transactionId=00000000-0000-4000-8000-000000000064 walletId=00000000-0000-4000-8000-000000000001 providerId=p status=REJECTED
2026/09/28 23:12:39 INFO transaction handled correlationId=correlation messageId=message-op-25 transactionId=00000000-0000-4000-8000-000000000066 walletId=00000000-0000-4000-8000-000000000001 providerId=p status=PROCESSED
2026/09/28 23:12:39 INFO transaction handled correlationId=correlation messageId="" transactionId=00000000-0000-4000-8000-000000000068 walletId=00000000-0000-4000-8000-000000000001 providerId=p status=PROCESSED
2026/09/28 23:12:39 INFO transaction handled correlationId=correlation messageId=message-op-27 transactionId=00000000-0000-4000-8000-000000000072 walletId=00000000-0000-4000-8000-000000000001 providerId=p status=REJECTED
2026/09/28 23:12:39 INFO transaction handled correlationId=correlation messageId="" transactionId=00000000-0000-4000-8000-000000000074 walletId=00000000-0000-4000-8000-000000000001 providerId=p status=REJECTED
2026/09/28 23:12:39 INFO transaction handled correlationId=correlation messageId="" transactionId=00000000-0000-4000-8000-000000000074 walletId=00000000-0000-4000-8000-000000000001 providerId=p status=REJECTED
2026/09/28 23:12:39 INFO transaction handled correlationId=correlation messageId=message-op-29 transactionId=00000000-0000-4000-8000-000000000077 walletId=00000000-0000-4000-8000-000000000001 providerId=p status=PROCESSED
2026/09/28 23:12:39 INFO transaction handled correlationId=correlation messageId="" transactionId=00000000-0000-4000-8000-000000000081 walletId=00000000-0000-4000-8000-000000000001 providerId=p status=REJECTED
2026/09/28 23:12:39 INFO transaction handled correlationId=correlation messageId=message-op-31 transactionId=00000000-0000-4000-8000-000000000083 walletId=00000000-0000-4000-8000-000000000001 providerId=p status=REJECTED
2026/09/28 23:12:39 INFO transaction handled correlationId=correlation messageId="" transactionId=00000000-0000-4000-8000-000000000085 walletId=00000000-0000-4000-8000-000000000001 providerId=p status=REJECTED
2026/09/28 23:12:39 INFO transaction handled correlationId=correlation messageId=message-op-33 transactionId=00000000-0000-4000-8000-000000000087 walletId=00000000-0000-4000-8000-000000000001 providerId=p status=PROCESSED
2026/09/28 23:12:39 INFO transaction handled correlationId=correlation messageId="" transactionId=00000000-0000-4000-8000-000000000089 walletId=00000000-0000-4000-8000-000000000001 providerId=p status=PROCESSED
2026/09/28 23:12:39 INFO transaction handled correlationId=correlation messageId=message-op-35 transactionId=00000000-0000-4000-8000-000000000093 walletId=00000000-0000-4000-8000-000000000001 providerId=p status=PROCESSED
2026/09/28 23:12:39 INFO transaction handled correlationId=correlation messageId=message-op-35 transactionId=00000000-0000-4000-8000-000000000093 walletId=00000000-0000-4000-8000-000000000001 providerId=p status=PROCESSED
2026/09/28 23:12:39 INFO transaction handled correlationId=correlation messageId="" transactionId=00000000-0000-4000-8000-000000000096 walletId=00000000-0000-4000-8000-000000000001 providerId=p status=REJECTED
2026/09/28 23:12:39 INFO transaction handled correlationId=correlation messageId=message-op-37 transactionId=00000000-0000-4000-8000-000000000098 walletId=00000000-0000-4000-8000-000000000001 providerId=p status=REJECTED
2026/09/28 23:12:39 INFO transaction handled correlationId=correlation messageId="" transactionId=00000000-0000-4000-8000-000000000100 walletId=00000000-0000-4000-8000-000000000001 providerId=p status=REJECTED
2026/09/28 23:12:39 INFO transaction handled correlationId=correlation messageId=message-op-39 transactionId=00000000-0000-4000-8000-000000000102 walletId=00000000-0000-4000-8000-000000000001 providerId=p status=REJECTED
2026/09/28 23:12:39 INFO transaction handled correlationId=correlation messageId="" transactionId=00000000-0000-4000-8000-000000000104 walletId=00000000-0000-4000-8000-000000000001 providerId=p status=REJECTED
2026/09/28 23:12:39 INFO transaction handled correlationId=correlation messageId=message-op-41 transactionId=00000000-0000-4000-8000-000000000106 walletId=00000000-0000-4000-8000-000000000001 providerId=p status=REJECTED
2026/09/28 23:12:39 INFO transaction handled correlationId=correlation messageId="" transactionId=00000000-0000-4000-8000-000000000108 walletId=00000000-0000-4000-8000-000000000001 providerId=p status=PROCESSED
2026/09/28 23:12:39 INFO transaction handled correlationId=correlation messageId="" transactionId=00000000-0000-4000-8000-000000000108 walletId=00000000-0000-4000-8000-000000000001 providerId=p status=PROCESSED
2026/09/28 23:12:39 INFO transaction handled correlationId=correlation messageId=message-op-43 transactionId=00000000-0000-4000-8000-000000000111 walletId=00000000-0000-4000-8000-000000000001 providerId=p status=REJECTED
2026/09/28 23:12:39 INFO transaction handled correlationId=correlation messageId="" transactionId=00000000-0000-4000-8000-000000000113 walletId=00000000-0000-4000-8000-000000000001 providerId=p status=REJECTED
2026/09/28 23:12:39 INFO transaction handled correlationId=correlation messageId=message-op-45 transactionId=00000000-0000-4000-8000-000000000115 walletId=00000000-0000-4000-8000-000000000001 providerId=p status=PROCESSED
2026/09/28 23:12:39 INFO transaction handled correlationId=correlation messageId="" transactionId=00000000-0000-4000-8000-000000000119 walletId=00000000-0000-4000-8000-000000000001 providerId=p status=REJECTED
2026/09/28 23:12:39 INFO transaction handled correlationId=correlation messageId=message-op-47 transactionId=00000000-0000-4000-8000-000000000121 walletId=00000000-0000-4000-8000-000000000001 providerId=p status=PROCESSED
2026/09/28 23:12:39 INFO transaction handled correlationId=correlation messageId="" transactionId=00000000-0000-4000-8000-000000000125 walletId=00000000-0000-4000-8000-000000000001 providerId=p status=PROCESSED
2026/09/28 23:12:39 INFO transaction handled correlationId=correlation messageId=message-op-49 transactionId=00000000-0000-4000-8000-000000000127 walletId=00000000-0000-4000-8000-000000000001 providerId=p status=PROCESSED
2026/09/28 23:12:39 INFO transaction handled correlationId=correlation messageId=message-op-49 transactionId=00000000-0000-4000-8000-000000000127 walletId=00000000-0000-4000-8000-000000000001 providerId=p status=PROCESSED
2026/09/28 23:12:39 INFO transaction handled correlationId=correlation messageId="" transactionId=00000000-0000-4000-8000-000000000132 walletId=00000000-0000-4000-8000-000000000001 providerId=p status=PROCESSED
2026/09/28 23:12:39 INFO transaction handled correlationId=correlation messageId=message-op-51 transactionId=00000000-0000-4000-8000-000000000134 walletId=00000000-0000-4000-8000-000000000001 providerId=p status=REJECTED
2026/09/28 23:12:39 INFO transaction handled correlationId=correlation messageId="" transactionId=00000000-0000-4000-8000-000000000136 walletId=00000000-0000-4000-8000-000000000001 providerId=p status=PROCESSED
2026/09/28 23:12:39 INFO transaction handled correlationId=correlation messageId=message-op-53 transactionId=00000000-0000-4000-8000-000000000138 walletId=00000000-0000-4000-8000-000000000001 providerId=p status=PROCESSED
2026/09/28 23:12:39 INFO transaction handled correlationId=correlation messageId="" transactionId=00000000-0000-4000-8000-000000000140 walletId=00000000-0000-4000-8000-000000000001 providerId=p status=PROCESSED
2026/09/28 23:12:39 INFO transaction handled correlationId=correlation messageId=message-op-55 transactionId=00000000-0000-4000-8000-000000000144 walletId=00000000-0000-4000-8000-000000000001 providerId=p status=PROCESSED
2026/09/28 23:12:39 INFO transaction handled correlationId=correlation messageId="" transactionId=00000000-0000-4000-8000-000000000148 walletId=00000000-0000-4000-8000-000000000001 providerId=p status=PROCESSED
2026/09/28 23:12:39 INFO transaction handled correlationId=correlation messageId="" transactionId=00000000-0000-4000-8000-000000000148 walletId=00000000-0000-4000-8000-000000000001 providerId=p status=PROCESSED
2026/09/28 23:12:39 INFO transaction handled correlationId=correlation messageId=message-op-57 transactionId=00000000-0000-4000-8000-000000000151 walletId=00000000-0000-4000-8000-000000000001 providerId=p status=PROCESSED
2026/09/28 23:12:39 INFO transaction handled correlationId=correlation messageId="" transactionId=00000000-0000-4000-8000-000000000153 walletId=00000000-0000-4000-8000-000000000001 providerId=p status=REJECTED
2026/09/28 23:12:39 INFO transaction handled correlationId=correlation messageId=message-op-59 transactionId=00000000-0000-4000-8000-000000000155 walletId=00000000-0000-4000-8000-000000000001 providerId=p status=PROCESSED
2026/09/28 23:12:39 INFO transaction handled correlationId=correlation messageId="" transactionId=00000000-0000-4000-8000-000000000157 walletId=00000000-0000-4000-8000-000000000001 providerId=p status=PROCESSED
2026/09/28 23:12:39 INFO transaction handled correlationId=correlation messageId=message-op-61 transactionId=00000000-0000-4000-8000-000000000161 walletId=00000000-0000-4000-8000-000000000001 providerId=p status=REJECTED
2026/09/28 23:12:39 INFO transaction handled correlationId=correlation messageId="" transactionId=00000000-0000-4000-8000-000000000163 walletId=00000000-0000-4000-8000-000000000001 providerId=p status=REJECTED
2026/09/28 23:12:39 INFO transaction handled correlationId=correlation messageId=message-op-63 transactionId=00000000-0000-4000-8000-000000000165 walletId=00000000-0000-4000-8000-000000000001 providerId=p status=REJECTED
2026/09/28 23:12:39 INFO transaction handled correlationId=correlation messageId=message-op-63 transactionId=00000000-0000-4000-8000-000000000165 walletId=00000000-0000-4000-8000-000000000001 providerId=p status=REJECTED
2026/09/28 23:12:39 INFO transaction handled correlationId=correlation messageId="" transactionId=00000000-0000-4000-8000-000000000168 walletId=00000000-0000-4000-8000-000000000001 providerId=p status=REJECTED
2026/09/28 23:12:39 INFO transaction handled correlationId=correlation messageId=message-op-65 transactionId=00000000-0000-4000-8000-000000000170 walletId=00000000-0000-4000-8000-000000000001 providerId=p status=REJECTED
2026/09/28 23:12:39 INFO transaction handled correlationId=correlation messageId="" transactionId=00000000-0000-4000-8000-000000000172 walletId=00000000-0000-4000-8000-000000000001 providerId=p status=PROCESSED
2026/09/28 23:12:39 INFO transaction handled correlationId=correlation messageId=message-op-67 transactionId=00000000-0000-4000-8000-000000000176 walletId=00000000-0000-4000-8000-000000000001 providerId=p status=REJECTED
2026/09/28 23:12:39 INFO transaction handled correlationId=correlation messageId="" transactionId=00000000-0000-4000-8000-000000000178 walletId=00000000-0000-4000-8000-000000000001 providerId=p status=PROCESSED
2026/09/28 23:12:39 INFO transaction handled correlationId=correlation messageId=message-op-69 transactionId=00000000-0000-4000-8000-000000000182 walletId=00000000-0000-4000-8000-000000000001 providerId=p status=REJECTED
2026/09/28 23:12:39 INFO transaction handled correlationId=correlation messageId="" transactionId=00000000-0000-4000-8000-000000000184 walletId=00000000-0000-4000-8000-000000000001 providerId=p status=REJECTED
2026/09/28 23:12:39 INFO transaction handled correlationId=correlation messageId="" transactionId=00000000-0000-4000-8000-000000000184 walletId=00000000-0000-4000-8000-000000000001 providerId=p status=REJECTED
2026/09/28 23:12:39 INFO transaction handled correlationId=correlation messageId=message-op-71 transactionId=00000000-0000-4000-8000-000000000187 walletId=00000000-0000-4000-8000-000000000001 providerId=p status=PROCESSED
2026/09/28 23:12:39 INFO transaction handled correlationId=correlation messageId="" transactionId=00000000-0000-4000-8000-000000000191 walletId=00000000-0000-4000-8000-000000000001 providerId=p status=PROCESSED
2026/09/28 23:12:39 INFO transaction handled correlationId=correlation messageId=message-op-73 transactionId=00000000-0000-4000-8000-000000000195 walletId=00000000-0000-4000-8000-000000000001 providerId=p status=PROCESSED
2026/09/28 23:12:39 INFO transaction handled correlationId=correlation messageId="" transactionId=00000000-0000-4000-8000-000000000197 walletId=00000000-0000-4000-8000-000000000001 providerId=p status=REJECTED
2026/09/28 23:12:39 INFO transaction handled correlationId=correlation messageId=message-op-75 transactionId=00000000-0000-4000-8000-000000000199 walletId=00000000-0000-4000-8000-000000000001 providerId=p status=REJECTED
2026/09/28 23:12:39 INFO transaction handled correlationId=correlation messageId="" transactionId=00000000-0000-4000-8000-000000000201 walletId=00000000-0000-4000-8000-000000000001 providerId=p status=REJECTED
2026/09/28 23:12:39 INFO transaction handled correlationId=correlation messageId=message-op-77 transactionId=00000000-0000-4000-8000-000000000203 walletId=00000000-0000-4000-8000-000000000001 providerId=p status=REJECTED
2026/09/28 23:12:39 INFO transaction handled correlationId=correlation messageId=message-op-77 transactionId=00000000-0000-4000-8000-000000000203 walletId=00000000-0000-4000-8000-000000000001 providerId=p status=REJECTED
2026/09/28 23:12:39 INFO transaction handled correlationId=correlation messageId="" transactionId=00000000-0000-4000-8000-000000000206 walletId=00000000-0000-4000-8000-000000000001 providerId=p status=REJECTED
2026/09/28 23:12:39 INFO transaction handled correlationId=correlation messageId=message-op-79 transactionId=00000000-0000-4000-8000-000000000208 walletId=00000000-0000-4000-8000-000000000001 providerId=p status=PROCESSED
2026/09/28 23:12:39 INFO transaction handled correlationId=correlation messageId="" transactionId=00000000-0000-4000-8000-000000000006 walletId=00000000-0000-4000-8000-000000000001 providerId=p status=REJECTED
2026/09/28 23:12:39 INFO transaction handled correlationId=correlation messageId="" transactionId=00000000-0000-4000-8000-000000000006 walletId=00000000-0000-4000-8000-000000000001 providerId=p status=REJECTED
2026/09/28 23:12:39 INFO transaction handled correlationId=correlation messageId=message-op-1 transactionId=00000000-0000-4000-8000-000000000009 walletId=00000000-0000-4000-8000-000000000001 providerId=p status=REJECTED
2026/09/28 23:12:39 INFO transaction handled correlationId=correlation messageId="" transactionId=00000000-0000-4000-8000-000000000011 walletId=00000000-0000-4000-8000-000000000001 providerId=p status=REJECTED
2026/09/28 23:12:39 INFO transaction handled correlationId=correlation messageId=message-op-3 transactionId=00000000-0000-4000-8000-000000000013 walletId=00000000-0000-4000-8000-000000000001 providerId=p status=REJECTED
2026/09/28 23:12:39 INFO transaction handled correlationId=correlation messageId="" transactionId=00000000-0000-4000-8000-000000000015 walletId=00000000-0000-4000-8000-000000000001 providerId=p status=REJECTED
2026/09/28 23:12:39 INFO transaction handled correlationId=correlation messageId=message-op-5 transactionId=00000000-0000-4000-8000-000000000017 walletId=00000000-0000-4000-8000-000000000001 providerId=p status=REJECTED
2026/09/28 23:12:39 INFO transaction handled correlationId=correlation messageId="" transactionId=00000000-0000-4000-8000-000000000019 walletId=00000000-0000-4000-8000-000000000001 providerId=p status=REJECTED
2026/09/28 23:12:39 INFO transaction handled correlationId=correlation messageId=message-op-7 transactionId=00000000-0000-4000-8000-000000000021 walletId=00000000-0000-4000-8000-000000000001 providerId=p status=REJECTED
2026/09/28 23:12:39 INFO transaction handled correlationId=correlation messageId=message-op-7 transactionId=00000000-0000-4000-8000-000000000021 walletId=00000000-0000-4000-8000-000000000001 providerId=p status=REJECTED
2026/09/28 23:12:39 INFO transaction handled correlationId=correlation messageId="" transactionId=00000000-0000-4000-8000-000000000024 walletId=00000000-0000-4000-8000-000000000001 providerId=p status=REJECTED
2026/09/28 23:12:39 INFO transaction handled correlationId=correlation messageId=message-op-9 transactionId=00000000-0000-4000-8000-000000000026 walletId=00000000-0000-4000-8000-000000000001 providerId=p status=REJECTED
2026/09/28 23:12:39 INFO transaction handled correlationId=correlation messageId="" transactionId=00000000-0000-4000-8000-000000000028 walletId=00000000-0000-4000-8000-000000000001 providerId=p status=REJECTED
2026/09/28 23:12:39 INFO transaction handled correlationId=correlation messageId=message-op-11 transactionId=00000000-0000-4000-8000-000000000030 walletId=00000000-0000-4000-8000-000000000001 providerId=p status=PROCESSED
2026/09/28 23:12:39 INFO transaction handled correlationId=correlation messageId="" transactionId=00000000-0000-4000-8000-000000000034 walletId=00000000-0000-4000-8000-000000000001 providerId=p status=REJECTED
2026/09/28 23:12:39 INFO transaction handled correlationId=correlation messageId=message-op-13 transactionId=00000000-0000-4000-8000-000000000036 walletId=00000000-0000-4000-8000-000000000001 providerId=p status=PROCESSED
2026/09/28 23:12:39 INFO transaction handled correlationId=correlation messageId="" transactionId=00000000-0000-4000-8000-000000000040 walletId=00000000-0000-4000-8000-000000000001 providerId=p status=PROCESSED
2026/09/28 23:12:39 INFO transaction handled correlationId=correlation messageId="" transactionId=00000000-0000-4000-8000-000000000040 walletId=00000000-0000-4000-8000-000000000001 providerId=p status=PROCESSED
2026/09/28 23:12:39 INFO transaction handled correlationId=correlation messageId=message-op-15 transactionId=00000000-0000-4000-8000-000000000043 walletId=00000000-0000-4000-8000-000000000001 providerId=p status=PROCESSED
2026/09/28 23:12:39 INFO transaction handled correlationId=correlation messageId="" transactionId=00000000-0000-4000-8000-000000000045 walletId=00000000-0000-4000-8000-000000000001 providerId=p status=PROCESSED
2026/09/28 23:12:39 INFO transaction handled correlationId=correlation messageId=message-op-17 transactionId=00000000-0000-4000-8000-000000000049 walletId=00000000-0000-4000-8000-000000000001 providerId=p status=PROCESSED
2026/09/28 23:12:39 INFO transaction handled correlationId=correlation messageId="" transactionId=00000000-0000-4000-8000-000000000051 walletId=00000000-0000-4000-8000-000000000001 providerId=p status=PROCESSED
2026/09/28 23:12:39 INFO transaction handled correlationId=correlation messageId=message-op-19 transactionId=00000000-0000-4000-8000-000000000053 walletId=00000000-0000-4000-8000-000000000001 providerId=p status=REJECTED
2026/09/28 23:12:39 INFO transaction handled correlationId=correlation messageId="" transactionId=00000000-0000-4000-8000-000000000055 walletId=00000000-0000-4000-8000-000000000001 providerId=p status=PROCESSED
2026/09/28 23:12:39 INFO transaction handled correlationId=correlation messageId=message-op-21 transactionId=00000000-0000-4000-8000-000000000059 walletId=00000000-0000-4000-8000-000000000001 providerId=p status=REJECTED
2026/09/28 23:12:39 INFO transaction handled correlationId=correlation messageId=message-op-21 transactionId=00000000-0000-4000-8000-000000000059 walletId=00000000-0000-4000-8000-000000000001 providerId=p status=REJECTED
2026/09/28 23:12:39 INFO transaction handled correlationId=correlation messageId="" transactionId=00000000-0000-4000-8000-000000000062 walletId=00000000-0000-4000-8000-000000000001 providerId=p status=REJECTED
2026/09/28 23:12:39 INFO transaction handled correlationId=correlation messageId=message-op-23 transactionId=00000000-0000-4000-8000-000000000064 walletId=00000000-0000-4000-8000-000000000001 providerId=p status=PROCESSED
2026/09/28 23:12:39 INFO transaction handled correlationId=correlation messageId="" transactionId=00000000-0000-4000-8000-000000000066 walletId=00000000-0000-4000-8000-000000000001 providerId=p status=REJECTED
2026/09/28 23:12:39 INFO transaction handled correlationId=correlation messageId=message-op-25 transactionId=00000000-0000-4000-8000-000000000068 walletId=00000000-0000-4000-8000-000000000001 providerId=p status=REJECTED
2026/09/28 23:12:39 INFO transaction handled correlationId=correlation messageId="" transactionId=00000000-0000-4000-8000-000000000070 walletId=00000000-0000-4000-8000-000000000001 providerId=p status=PROCESSED
2026/09/28 23:12:39 INFO transaction handled correlationId=correlation messageId=message-op-27 transactionId=00000000-0000-4000-8000-000000000072 walletId=00000000-0000-4000-8000-000000000001 providerId=p status=REJECTED
2026/09/28 23:12:39 INFO transaction handled correlationId=correlation messageId="" transactionId=00000000-0000-4000-8000-000000000074 walletId=00000000-0000-4000-8000-000000000001 providerId=p status=REJECTED
2026/09/28 23:12:39 INFO transaction handled correlationId=correlation messageId="" transactionId=00000000-0000-4000-8000-000000000074 walletId=00000000-0000-4000-8000-000000000001 providerId=p status=REJECTED
2026/09/28 23:12:39 INFO transaction handled correlationId=correlation messageId=message-op-29 transactionId=00000000-0000-4000-8000-000000000077 walletId=00000000-0000-4000-8000-000000000001 providerId=p status=REJECTED
2026/09/28 23:12:39 INFO transaction handled correlationId=correlation messageId="" transactionId=00000000-0000-4000-8000-000000000079 walletId=00000000-0000-4000-8000-000000000001 providerId=p status=REJECTED
2026/09/28 23:12:39 INFO transaction handled correlationId=correlation messageId=message-op-31 transactionId=00000000-0000-4000-8000-000000000081 walletId=00000000-0000-4000-8000-000000000001 providerId=p status=REJECTED
2026/09/28 23:12:39 INFO transaction handled correlationId=correlation messageId="" transactionId=00000000-0000-4000-8000-000000000083 walletId=00000000-0000-4000-8000-000000000001 providerId=p status=REJECTED
2026/09/28 23:12:39 INFO transaction handled correlationId=correlation messageId=message-op-33 transactionId=00000000-0000-4000-8000-000000000085 walletId=00000000-0000-4000-8000-000000000001 providerId=p status=REJECTED
2026/09/28 23:12:39 INFO transaction handled correlationId=correlation messageId="" transactionId=00000000-0000-4000-8000-000000000087 walletId=00000000-0000-4000-8000-000000000001 providerId=p status=REJECTED
2026/09/28 23:12:39 INFO transaction handled correlationId=correlation messageId=message-op-35 transactionId=00000000-0000-4000-8000-000000000089 walletId=00000000-0000-4000-8000-000000000001 providerId=p status=REJECTED
2026/09/28 23:12:39 INFO transaction handled correlationId=correlation messageId=message-op-35 transactionId=00000000-0000-4000-8000-000000000089 walletId=00000000-0000-4000-8000-000000000001 providerId=p status=REJECTED
2026/09/28 23:12:39 INFO transaction handled correlationId=correlation messageId="" transactionId=00000000-0000-4000-8000-000000000092 walletId=00000000-0000-4000-8000-000000000001 providerId=p status=REJECTED
2026/09/28 23:12:39 INFO transaction handled correlationId=correlation messageId=message-op-37 transactionId=00000000-0000-4000-8000-000000000094 walletId=00000000-0000-4000-8000-000000000001 providerId=p status=REJECTED
2026/09/28 23:12:39 INFO transaction handled correlationId=correlation messageId="" transactionId=00000000-0000-4000-8000-000000000096 walletId=00000000-0000-4000-8000-000000000001 providerId=p status=PROCESSED
2026/09/28 23:12:39 INFO transaction handled correlationId=correlation messageId=message-op-39 transactionId=00000000-0000-4000-8000-000000000100 walletId=00000000-0000-4000-8000-000000000001 providerId=p status=PROCESSED
2026/09/28 23:12:39 INFO transaction handled correlationId=correlation messageId="" transactionId=00000000-0000-4000-8000-000000000104 walletId=00000000-0000-4000-8000-000000000001 providerId=p status=REJECTED
2026/09/28 23:12:39 INFO transaction handled correlationId=correlation messageId=message-op-41 transactionId=00000000-0000-4000-8000-000000000106 walletId=00000000-0000-4000-8000-000000000001 providerId=p status=PROCESSED
2026/09/28 23:12:39 INFO transaction handled correlationId=correlation messageId="" transactionId=00000000-0000-4000-8000-000000000110 walletId=00000000-0000-4000-8000-000000000001 providerId=p status=REJECTED
2026/09/28 23:12:39 INFO transaction handled correlationId=correlation messageId="" transactionId=00000000-0000-4000-8000-000000000110 walletId=00000000-0000-4000-8000-000000000001 providerId=p status=REJECTED
2026/09/28 23:12:39 INFO transaction handled correlationId=correlation messageId=message-op-43 transactionId=00000000-0000-4000-8000-000000000113 walletId=00000000-0000-4000-8000-000000000001 providerId=p status=PROCESSED
2026/09/28 23:12:39 INFO transaction handled correlationId=correlation messageId="" transactionId=00000000-0000-4000-8000-000000000117 walletId=00000000-0000-4000-8000-000000000001 providerId=p status=PROCESSED
2026/09/28 23:12:39 INFO transaction handled correlationId=correlation messageId=message-op-45 transactionId=00000000-0000-4000-8000-000000000121 walletId=00000000-0000-4000-8000-000000000001 providerId=p status=PROCESSED
2026/09/28 23:12:39 INFO transaction handled correlationId=correlation messageId="" transactionId=00000000-0000-4000-8000-000000000125 walletId=00000000-0000-4000-8000-000000000001 providerId=p status=PROCESSED
2026/09/28 23:12:39 INFO transaction handled correlationId=correlation messageId=message-op-47 transactionId=00000000-0000-4000-8000-000000000129 walletId=00000000-0000-4000-8000-000000000001 providerId=p status=PROCESSED
2026/09/28 23:12:39 INFO transaction handled correlationId=correlation messageId="" transactionId=00000000-0000-4000-8000-000000000133 walletId=00000000-0000-4000-8000-000000000001 providerId=p status=REJECTED
2026/09/28 23:12:39 INFO transaction handled correlationId=correlation messageId=message-op-49 transactionId=00000000-0000-4000-8000-000000000135 walletId=00000000-0000-4000-8000-000000000001 providerId=p status=REJECTED
2026/09/28 23:12:39 INFO transaction handled correlationId=correlation messageId=message-op-49 transactionId=00000000-0000-4000-8000-000000000135 walletId=00000000-0000-4000-8000-000000000001 providerId=p status=REJECTED
2026/09/28 23:12:39 INFO transaction handled correlationId=correlation messageId="" transactionId=00000000-0000-4000-8000-000000000138 walletId=00000000-0000-4000-8000-000000000001 providerId=p status=REJECTED
2026/09/28 23:12:39 INFO transaction handled correlationId=correlation messageId=message-op-51 transactionId=00000000-0000-4000-8000-000000000140 walletId=00000000-0000-4000-8000-000000000001 providerId=p status=REJECTED
2026/09/28 23:12:39 INFO transaction handled correlationId=correlation messageId="" transactionId=00000000-0000-4000-8000-000000000142 walletId=00000000-0000-4000-8000-000000000001 providerId=p status=PROCESSED
2026/09/28 23:12:39 INFO transaction handled correlationId=correlation messageId=message-op-53 transactionId=00000000-0000-4000-8000-000000000144 walletId=00000000-0000-4000-8000-000000000001 providerId=p status=REJECTED
2026/09/28 23:12:39 INFO transaction handled correlationId=correlation messageId="" transactionId=00000000-0000-4000-8000-000000000146 walletId=00000000-0000-4000-8000-000000000001 providerId=p status=REJECTED
2026/09/28 23:12:39 INFO transaction handled correlationId=correlation messageId=message-op-55 transactionId=00000000-0000-4000-8000-000000000148 walletId=00000000-0000-4000-8000-000000000001 providerId=p status=PROCESSED
2026/09/28 23:12:39 INFO transaction handled correlationId=correlation messageId="" transactionId=00000000-0000-4000-8000-000000000152 walletId=00000000-0000-4000-8000-000000000001 providerId=p status=PROCESSED
2026/09/28 23:12:39 INFO transaction handled correlationId=correlation messageId="" transactionId=00000000-0000-4000-8000-000000000152 walletId=00000000-0000-4000-8000-000000000001 providerId=p status=PROCESSED
2026/09/28 23:12:39 INFO transaction handled correlationId=correlation messageId=message-op-57 transactionId=00000000-0000-4000-8000-000000000155 walletId=00000000-0000-4000-8000-000000000001 providerId=p status=REJECTED
2026/09/28 23:12:39 INFO transaction handled correlationId=correlation messageId="" transactionId=00000000-0000-4000-8000-000000000157 walletId=00000000-0000-4000-8000-000000000001 providerId=p status=PROCESSED
2026/09/28 23:12:39 INFO transaction handled correlationId=correlation messageId=message-op-59 transactionId=00000000-0000-4000-8000-000000000161 walletId=00000000-0000-4000-8000-000000000001 providerId=p status=REJECTED
2026/09/28 23:12:39 INFO transaction handled correlationId=correlation messageId="" transactionId=00000000-0000-4000-8000-000000000163 walletId=00000000-0000-4000-8000-000000000001 providerId=p status=REJECTED
2026/09/28 23:12:39 INFO transaction handled correlationId=correlation messageId=message-op-61 transactionId=00000000-0000-4000-8000-000000000165 walletId=00000000-0000-4000-8000-000000000001 providerId=p status=PROCESSED
2026/09/28 23:12:39 INFO transaction handled correlationId=correlation messageId="" transactionId=00000000-0000-4000-8000-000000000167 walletId=00000000-0000-4000-8000-000000000001 providerId=p status=REJECTED
2026/09/28 23:12:39 INFO transaction handled correlationId=correlation messageId=message-op-63 transactionId=00000000-0000-4000-8000-000000000169 walletId=00000000-0000-4000-8000-000000000001 providerId=p status=REJECTED
2026/09/28 23:12:39 INFO transaction handled correlationId=correlation messageId=message-op-63 transactionId=00000000-0000-4000-8000-000000000169 walletId=00000000-0000-4000-8000-000000000001 providerId=p status=REJECTED
2026/09/28 23:12:39 INFO transaction handled correlationId=correlation messageId="" transactionId=00000000-0000-4000-8000-000000000172 walletId=00000000-0000-4000-8000-000000000001 providerId=p status=REJECTED
2026/09/28 23:12:39 INFO transaction handled correlationId=correlation messageId=message-op-65 transactionId=00000000-0000-4000-8000-000000000174 walletId=00000000-0000-4000-8000-000000000001 providerId=p status=REJECTED
2026/09/28 23:12:39 INFO transaction handled correlationId=correlation messageId="" transactionId=00000000-0000-4000-8000-000000000176 walletId=00000000-0000-4000-8000-000000000001 providerId=p status=REJECTED
2026/09/28 23:12:39 INFO transaction handled correlationId=correlation messageId=message-op-67 transactionId=00000000-0000-4000-8000-000000000178 walletId=00000000-0000-4000-8000-000000000001 providerId=p status=REJECTED
2026/09/28 23:12:39 INFO transaction handled correlationId=correlation messageId="" transactionId=00000000-0000-4000-8000-000000000180 walletId=00000000-0000-4000-8000-000000000001 providerId=p status=REJECTED
2026/09/28 23:12:39 INFO transaction handled correlationId=correlation messageId=message-op-69 transactionId=00000000-0000-4000-8000-000000000182 walletId=00000000-0000-4000-8000-000000000001 providerId=p status=PROCESSED
2026/09/28 23:12:39 INFO transaction handled correlationId=correlation messageId="" transactionId=00000000-0000-4000-8000-000000000186 walletId=00000000-0000-4000-8000-000000000001 providerId=p status=PROCESSED
2026/09/28 23:12:39 INFO transaction handled correlationId=correlation messageId="" transactionId=00000000-0000-4000-8000-000000000186 walletId=00000000-0000-4000-8000-000000000001 providerId=p status=PROCESSED
2026/09/28 23:12:39 INFO transaction handled correlationId=correlation messageId=message-op-71 transactionId=00000000-0000-4000-8000-000000000191 walletId=00000000-0000-4000-8000-000000000001 providerId=p status=REJECTED
2026/09/28 23:12:39 INFO transaction handled correlationId=correlation messageId="" transactionId=00000000-0000-4000-8000-000000000193 walletId=00000000-0000-4000-8000-000000000001 providerId=p status=REJECTED
2026/09/28 23:12:39 INFO transaction handled correlationId=correlation messageId=message-op-73 transactionId=00000000-0000-4000-8000-000000000195 walletId=00000000-0000-4000-8000-000000000001 providerId=p status=REJECTED
2026/09/28 23:12:39 INFO transaction handled correlationId=correlation messageId="" transactionId=00000000-0000-4000-8000-000000000197 walletId=00000000-0000-4000-8000-000000000001 providerId=p status=PROCESSED
2026/09/28 23:12:39 INFO transaction handled correlationId=correlation messageId=message-op-75 transactionId=00000000-0000-4000-8000-000000000201 walletId=00000000-0000-4000-8000-000000000001 providerId=p status=PROCESSED
2026/09/28 23:12:39 INFO transaction handled correlationId=correlation messageId="" transactionId=00000000-0000-4000-8000-000000000205 walletId=00000000-0000-4000-8000-000000000001 providerId=p status=REJECTED
2026/09/28 23:12:39 INFO transaction handled correlationId=correlation messageId=message-op-77 transactionId=00000000-0000-4000-8000-000000000207 walletId=00000000-0000-4000-8000-000000000001 providerId=p status=REJECTED
2026/09/28 23:12:39 INFO transaction handled correlationId=correlation messageId=message-op-77 transactionId=00000000-0000-4000-8000-000000000207 walletId=00000000-0000-4000-8000-000000000001 providerId=p status=REJECTED
2026/09/28 23:12:39 INFO transaction handled correlationId=correlation messageId="" transactionId=00000000-0000-4000-8000-000000000210 walletId=00000000-0000-4000-8000-000000000001 providerId=p status=PROCESSED
2026/09/28 23:12:39 INFO transaction handled correlationId=correlation messageId=message-op-79 transactionId=00000000-0000-4000-8000-000000000214 walletId=00000000-0000-4000-8000-000000000001 providerId=p status=PROCESSED
2026/09/28 23:12:39 INFO transaction handled correlationId=correlation messageId="" transactionId=00000000-0000-4000-8000-000000000006 walletId=00000000-0000-4000-8000-000000000001 providerId=p status=PENDING_REFERENCE
2026/09/28 23:12:39 INFO transaction handled correlationId=correlation messageId="" transactionId=00000000-0000-4000-8000-000000000006 walletId=00000000-0000-4000-8000-000000000001 providerId=p status=PENDING_REFERENCE
2026/09/28 23:12:39 INFO transaction handled correlationId=correlation messageId=message-op-1 transactionId=00000000-0000-4000-8000-000000000009 walletId=00000000-0000-4000-8000-000000000001 providerId=p status=REJECTED
2026/09/28 23:12:39 INFO transaction handled correlationId=correlation messageId="" transactionId=00000000-0000-4000-8000-000000000011 walletId=00000000-0000-4000-8000-000000000001 providerId=p status=PROCESSED
2026/09/28 23:12:39 INFO transaction handled correlationId=correlation messageId=message-op-3 transactionId=00000000-0000-4000-8000-000000000015 walletId=00000000-0000-4000-8000-000000000001 providerId=p status=PROCESSED
2026/09/28 23:12:39 INFO transaction handled correlationId=correlation messageId="" transactionId=00000000-0000-4000-8000-000000000019 walletId=00000000-0000-4000-8000-000000000001 providerId=p status=PROCESSED
2026/09/28 23:12:39 INFO transaction handled correlationId=correlation messageId=message-op-5 transactionId=00000000-0000-4000-8000-000000000021 walletId=00000000-0000-4000-8000-000000000001 providerId=p status=PROCESSED
2026/09/28 23:12:39 INFO transaction handled correlationId=correlation messageId="" transactionId=00000000-0000-4000-8000-000000000025 walletId=00000000-0000-4000-8000-000000000001 providerId=p status=REJECTED
2026/09/28 23:12:39 INFO transaction handled correlationId=correlation messageId=message-op-7 transactionId=00000000-0000-4000-8000-000000000027 walletId=00000000-0000-4000-8000-000000000001 providerId=p status=PROCESSED
2026/09/28 23:12:39 INFO transaction handled correlationId=correlation messageId=message-op-7 transactionId=00000000-0000-4000-8000-000000000027 walletId=00000000-0000-4000-8000-000000000001 providerId=p status=PROCESSED
2026/09/28 23:12:39 INFO transaction handled correlationId=correlation messageId="" transactionId=00000000-0000-4000-8000-000000000032 walletId=00000000-0000-4000-8000-000000000001 providerId=p status=PROCESSED
2026/09/28 23:12:39 INFO transaction handled correlationId=correlation messageId=message-op-9 transactionId=00000000-0000-4000-8000-000000000036 walletId=00000000-0000-4000-8000-000000000001 providerId=p status=PROCESSED
2026/09/28 23:12:39 INFO transaction handled correlationId=correlation messageId="" transactionId=00000000-0000-4000-8000-000000000040 walletId=00000000-0000-4000-8000-000000000001 providerId=p status=PROCESSED
2026/09/28 23:12:39 INFO transaction handled correlationId=correlation messageId=message-op-11 transactionId=00000000-0000-4000-8000-000000000044 walletId=00000000-0000-4000-8000-000000000001 providerId=p status=PROCESSED
2026/09/28 23:12:39 INFO transaction handled correlationId=correlation messageId="" transactionId=00000000-0000-4000-8000-000000000048 walletId=00000000-0000-4000-8000-000000000001 providerId=p status=REJECTED
2026/09/28 23:12:39 INFO transaction handled correlationId=correlation messageId=message-op-13 transactionId=00000000-0000-4000-8000-000000000050 walletId=00000000-0000-4000-8000-000000000001 providerId=p status=PROCESSED
2026/09/28 23:12:39 INFO transaction handled correlationId=correlation messageId="" transactionId=00000000-0000-4000-8000-000000000054 walletId=00000000-0000-4000-8000-000000000001 providerId=p status=REJECTED
2026/09/28 23:12:39 INFO transaction handled correlationId=correlation messageId="" transactionId=00000000-0000-4000-8000-000000000054 walletId=00000000-0000-4000-8000-000000000001 providerId=p status=REJECTED
2026/09/28 23:12:39 INFO transaction handled correlationId=correlation messageId=message-op-15 transactionId=00000000-0000-4000-8000-000000000057 walletId=00000000-0000-4000-8000-000000000001 providerId=p status=PROCESSED
2026/09/28 23:12:39 INFO transaction handled correlationId=correlation messageId="" transactionId=00000000-0000-4000-8000-000000000061 walletId=00000000-0000-4000-8000-000000000001 providerId=p status=PROCESSED
2026/09/28 23:12:39 INFO transaction handled correlationId=correlation messageId=message-op-17 transactionId=00000000-0000-4000-8000-000000000065 walletId=00000000-0000-4000-8000-000000000001 providerId=p status=PROCESSED
2026/09/28 23:12:39 INFO transaction handled correlationId=correlation messageId="" transactionId=00000000-0000-4000-8000-000000000069 walletId=00000000-0000-4000-8000-000000000001 providerId=p status=REJECTED
2026/09/28 23:12:39 INFO transaction handled correlationId=correlation messageId=message-op-19 transactionId=00000000-0000-4000-8000-000000000071 walletId=00000000-0000-4000-8000-000000000001 providerId=p status=PROCESSED
2026/09/28 23:12:39 INFO transaction handled correlationId=correlation messageId="" transactionId=00000000-0000-4000-8000-000000000075 walletId=00000000-0000-4000-8000-000000000001 providerId=p status=REJECTED
2026/09/28 23:12:39 INFO transaction handled correlationId=correlation messageId=message-op-21 transactionId=00000000-0000-4000-8000-000000000077 walletId=00000000-0000-4000-8000-000000000001 providerId=p status=PROCESSED
2026/09/28 23:12:39 INFO transaction handled correlationId=correlation messageId=message-op-21 transactionId=00000000-0000-4000-8000-000000000077 walletId=00000000-0000-4000-8000-000000000001 providerId=p status=PROCESSED
2026/09/28 23:12:39 INFO transaction handled correlationId=correlation messageId="" transactionId=00000000-0000-4000-8000-000000000082 walletId=00000000-0000-4000-8000-000000000001 providerId=p status=PROCESSED
2026/09/28 23:12:39 INFO transaction handled correlationId=correlation messageId=message-op-23 transactionId=00000000-0000-4000-8000-000000000084 walletId=00000000-0000-4000-8000-000000000001 providerId=p status=PROCESSED
2026/09/28 23:12:39 INFO transaction handled correlationId=correlation messageId="" transactionId=00000000-0000-4000-8000-000000000088 walletId=00000000-0000-4000-8000-000000000001 providerId=p status=PROCESSED
2026/09/28 23:12:39 INFO transaction handled correlationId=correlation messageId=message-op-25 transactionId=00000000-0000-4000-8000-000000000092 walletId=00000000-0000-4000-8000-000000000001 providerId=p status=REJECTED
2026/09/28 23:12:39 INFO transaction handled correlationId=correlation messageId="" transactionId=00000000-0000-4000-8000-000000000094 walletId=00000000-0000-4000-8000-000000000001 providerId=p status=PROCESSED
2026/09/28 23:12:39 INFO transaction handled correlationId=correlation messageId=message-op-27 transactionId=00000000-0000-4000-8000-000000000098 walletId=00000000-0000-4000-8000-000000000001 providerId=p status=PROCESSED
2026/09/28 23:12:39 INFO transaction handled correlationId=correlation messageId="" transactionId=00000000-0000-4000-8000-000000000102 walletId=00000000-0000-4000-8000-000000000001 providerId=p status=PROCESSED
2026/09/28 23:12:39 INFO transaction handled correlationId=correlation messageId="" transactionId=00000000-0000-4000-8000-000000000102 walletId=00000000-0000-4000-8000-000000000001 providerId=p status=PROCESSED
2026/09/28 23:12:39 INFO transaction handled correlationId=correlation messageId=message-op-29 transactionId=00000000-0000-4000-8000-000000000107 walletId=00000000-0000-4000-8000-000000000001 providerId=p status=PROCESSED
2026/09/28 23:12:39 INFO transaction handled correlationId=correlation messageId="" transactionId=00000000-0000-4000-8000-000000000111 walletId=00000000-0000-4000-8000-000000000001 providerId=p status=PROCESSED
2026/09/28 23:12:39 INFO transaction handled correlationId=correlation messageId=message-op-31 transactionId=00000000-0000-4000-8000-000000000113 walletId=00000000-0000-4000-8000-000000000001 providerId=p status=PROCESSED
2026/09/28 23:12:39 INFO transaction handled correlationId=correlation messageId="" transactionId=00000000-0000-4000-8000-000000000115 walletId=00000000-0000-4000-8000-000000000001 providerId=p status=PROCESSED
2026/09/28 23:12:39 INFO transaction handled correlationId=correlation messageId=message-op-33 transactionId=00000000-0000-4000-8000-000000000117 walletId=00000000-0000-4000-8000-000000000001 providerId=p status=PROCESSED
2026/09/28 23:12:39 INFO transaction handled correlationId=correlation messageId="" transactionId=00000000-0000-4000-8000-000000000121 walletId=00000000-0000-4000-8000-000000000001 providerId=p status=PROCESSED
2026/09/28 23:12:39 INFO transaction handled correlationId=correlation messageId=message-op-35 transactionId=00000000-0000-4000-8000-000000000125 walletId=00000000-0000-4000-8000-000000000001 providerId=p status=REJECTED
2026/09/28 23:12:39 INFO transaction handled correlationId=correlation messageId=message-op-35 transactionId=00000000-0000-4000-8000-000000000125 walletId=00000000-0000-4000-8000-000000000001 providerId=p status=REJECTED
2026/09/28 23:12:39 INFO transaction handled correlationId=correlation messageId="" transactionId=00000000-0000-4000-8000-000000000128 walletId=00000000-0000-4000-8000-000000000001 providerId=p status=REJECTED
2026/09/28 23:12:39 INFO transaction handled correlationId=correlation messageId=message-op-37 transactionId=00000000-0000-4000-8000-000000000130 walletId=00000000-0000-4000-8000-000000000001 providerId=p status=PROCESSED
2026/09/28 23:12:39 INFO transaction handled correlationId=correlation messageId="" transactionId=00000000-0000-4000-8000-000000000134 walletId=00000000-0000-4000-8000-000000000001 providerId=p status=PROCESSED
2026/09/28 23:12:39 INFO transaction handled correlationId=correlation messageId=message-op-39 transactionId=00000000-0000-4000-8000-000000000138 walletId=00000000-0000-4000-8000-000000000001 providerId=p status=PROCESSED
2026/09/28 23:12:39 INFO transaction handled correlationId=correlation messageId="" transactionId=00000000-0000-4000-8000-000000000142 walletId=00000000-0000-4000-8000-000000000001 providerId=p status=PROCESSED
2026/09/28 23:12:39 INFO transaction handled correlationId=correlation messageId=message-op-41 transactionId=00000000-0000-4000-8000-000000000144 walletId=00000000-0000-4000-8000-000000000001 providerId=p status=PROCESSED
2026/09/28 23:12:39 INFO transaction handled correlationId=correlation messageId="" transactionId=00000000-0000-4000-8000-000000000148 walletId=00000000-0000-4000-8000-000000000001 providerId=p status=REJECTED
2026/09/28 23:12:39 INFO transaction handled correlationId=correlation messageId="" transactionId=00000000-0000-4000-8000-000000000148 walletId=00000000-0000-4000-8000-000000000001 providerId=p status=REJECTED
2026/09/28 23:12:39 INFO transaction handled correlationId=correlation messageId=message-op-43 transactionId=00000000-0000-4000-8000-000000000151 walletId=00000000-0000-4000-8000-000000000001 providerId=p status=PROCESSED
2026/09/28 23:12:39 INFO transaction handled correlationId=correlation messageId="" transactionId=00000000-0000-4000-8000-000000000155 walletId=00000000-0000-4000-8000-000000000001 providerId=p status=PROCESSED
2026/09/28 23:12:39 INFO transaction handled correlationId=correlation messageId=message-op-45 transactionId=00000000-0000-4000-8000-000000000159 walletId=00000000-0000-4000-8000-000000000001 providerId=p status=REJECTED
2026/09/28 23:12:39 INFO transaction handled correlationId=correlation messageId="" transactionId=00000000-0000-4000-8000-000000000161 walletId=00000000-0000-4000-8000-000000000001 providerId=p status=PROCESSED
2026/09/28 23:12:39 INFO transaction handled correlationId=correlation messageId=message-op-47 transactionId=00000000-0000-4000-8000-000000000165 walletId=00000000-0000-4000-8000-000000000001 providerId=p status=PROCESSED
2026/09/28 23:12:39 INFO transaction handled correlationId=correlation messageId="" transactionId=00000000-0000-4000-8000-000000000167 walletId=00000000-0000-4000-8000-000000000001 providerId=p status=REJECTED
2026/09/28 23:12:39 INFO transaction handled correlationId=correlation messageId=message-op-49 transactionId=00000000-0000-4000-8000-000000000169 walletId=00000000-0000-4000-8000-000000000001 providerId=p status=REJECTED
2026/09/28 23:12:39 INFO transaction handled correlationId=correlation messageId=message-op-49 transactionId=00000000-0000-4000-8000-000000000169 walletId=00000000-0000-4000-8000-000000000001 providerId=p status=REJECTED
2026/09/28 23:12:39 INFO transaction handled correlationId=correlation messageId="" transactionId=00000000-0000-4000-8000-000000000172 walletId=00000000-0000-4000-8000-000000000001 providerId=p status=REJECTED
2026/09/28 23:12:39 INFO transaction handled correlationId=correlation messageId=message-op-51 transactionId=00000000-0000-4000-8000-000000000174 walletId=00000000-0000-4000-8000-000000000001 providerId=p status=REJECTED
2026/09/28 23:12:39 INFO transaction handled correlationId=correlation messageId="" transactionId=00000000-0000-4000-8000-000000000176 walletId=00000000-0000-4000-8000-000000000001 providerId=p status=PROCESSED
2026/09/28 23:12:39 INFO transaction handled correlationId=correlation messageId=message-op-53 transactionId=00000000-0000-4000-8000-000000000178 walletId=00000000-0000-4000-8000-000000000001 providerId=p status=PROCESSED
2026/09/28 23:12:39 INFO transaction handled correlationId=correlation messageId="" transactionId=00000000-0000-4000-8000-000000000182 walletId=00000000-0000-4000-8000-000000000001 providerId=p status=PROCESSED
2026/09/28 23:12:39 INFO transaction handled correlationId=correlation messageId=message-op-55 transactionId=00000000-0000-4000-8000-000000000186 walletId=00000000-0000-4000-8000-000000000001 providerId=p status=PROCESSED
2026/09/28 23:12:39 INFO transaction handled correlationId=correlation messageId="" transactionId=00000000-0000-4000-8000-000000000188 walletId=00000000-0000-4000-8000-000000000001 providerId=p status=PROCESSED
2026/09/28 23:12:39 INFO transaction handled correlationId=correlation messageId="" transactionId=00000000-0000-4000-8000-000000000188 walletId=00000000-0000-4000-8000-000000000001 providerId=p status=PROCESSED
2026/09/28 23:12:39 INFO transaction handled correlationId=correlation messageId=message-op-57 transactionId=00000000-0000-4000-8000-000000000193 walletId=00000000-0000-4000-8000-000000000001 providerId=p status=PROCESSED
2026/09/28 23:12:39 INFO transaction handled correlationId=correlation messageId="" transactionId=00000000-0000-4000-8000-000000000197 walletId=00000000-0000-4000-8000-000000000001 providerId=p status=PROCESSED
2026/09/28 23:12:39 INFO transaction handled correlationId=correlation messageId=message-op-59 transactionId=00000000-0000-4000-8000-000000000201 walletId=00000000-0000-4000-8000-000000000001 providerId=p status=PROCESSED
2026/09/28 23:12:39 INFO transaction handled correlationId=correlation messageId="" transactionId=00000000-0000-4000-8000-000000000203 walletId=00000000-0000-4000-8000-000000000001 providerId=p status=PROCESSED
2026/09/28 23:12:39 INFO transaction handled correlationId=correlation messageId=message-op-61 transactionId=00000000-0000-4000-8000-000000000207 walletId=00000000-0000-4000-8000-000000000001 providerId=p status=PROCESSED
2026/09/28 23:12:39 INFO transaction handled correlationId=correlation messageId="" transactionId=00000000-0000-4000-8000-000000000211 walletId=00000000-0000-4000-8000-000000000001 providerId=p status=REJECTED
2026/09/28 23:12:39 INFO transaction handled correlationId=correlation messageId=message-op-63 transactionId=00000000-0000-4000-8000-000000000213 walletId=00000000-0000-4000-8000-000000000001 providerId=p status=PROCESSED
2026/09/28 23:12:39 INFO transaction handled correlationId=correlation messageId=message-op-63 transactionId=00000000-0000-4000-8000-000000000213 walletId=00000000-0000-4000-8000-000000000001 providerId=p status=PROCESSED
2026/09/28 23:12:39 INFO transaction handled correlationId=correlation messageId="" transactionId=00000000-0000-4000-8000-000000000218 walletId=00000000-0000-4000-8000-000000000001 providerId=p status=REJECTED
2026/09/28 23:12:39 INFO transaction handled correlationId=correlation messageId=message-op-65 transactionId=00000000-0000-4000-8000-000000000220 walletId=00000000-0000-4000-8000-000000000001 providerId=p status=REJECTED
2026/09/28 23:12:39 INFO transaction handled correlationId=correlation messageId="" transactionId=00000000-0000-4000-8000-000000000222 walletId=00000000-0000-4000-8000-000000000001 providerId=p status=PROCESSED
2026/09/28 23:12:39 INFO transaction handled correlationId=correlation messageId=message-op-67 transactionId=00000000-0000-4000-8000-000000000224 walletId=00000000-0000-4000-8000-000000000001 providerId=p status=PROCESSED
2026/09/28 23:12:39 INFO transaction handled correlationId=correlation messageId="" transactionId=00000000-0000-4000-8000-000000000226 walletId=00000000-0000-4000-8000-000000000001 providerId=p status=PROCESSED
2026/09/28 23:12:39 INFO transaction handled correlationId=correlation messageId=message-op-69 transactionId=00000000-0000-4000-8000-000000000230 walletId=00000000-0000-4000-8000-000000000001 providerId=p status=REJECTED
2026/09/28 23:12:39 INFO transaction handled correlationId=correlation messageId="" transactionId=00000000-0000-4000-8000-000000000232 walletId=00000000-0000-4000-8000-000000000001 providerId=p status=PROCESSED
2026/09/28 23:12:39 INFO transaction handled correlationId=correlation messageId="" transactionId=00000000-0000-4000-8000-000000000232 walletId=00000000-0000-4000-8000-000000000001 providerId=p status=PROCESSED
2026/09/28 23:12:39 INFO transaction handled correlationId=correlation messageId=message-op-71 transactionId=00000000-0000-4000-8000-000000000235 walletId=00000000-0000-4000-8000-000000000001 providerId=p status=PROCESSED
2026/09/28 23:12:39 INFO transaction handled correlationId=correlation messageId="" transactionId=00000000-0000-4000-8000-000000000237 walletId=00000000-0000-4000-8000-000000000001 providerId=p status=REJECTED
2026/09/28 23:12:39 INFO transaction handled correlationId=correlation messageId=message-op-73 transactionId=00000000-0000-4000-8000-000000000239 walletId=00000000-0000-4000-8000-000000000001 providerId=p status=PROCESSED
2026/09/28 23:12:39 INFO transaction handled correlationId=correlation messageId="" transactionId=00000000-0000-4000-8000-000000000241 walletId=00000000-0000-4000-8000-000000000001 providerId=p status=PROCESSED
2026/09/28 23:12:39 INFO transaction handled correlationId=correlation messageId=message-op-75 transactionId=00000000-0000-4000-8000-000000000245 walletId=00000000-0000-4000-8000-000000000001 providerId=p status=PROCESSED
2026/09/28 23:12:39 INFO transaction handled correlationId=correlation messageId="" transactionId=00000000-0000-4000-8000-000000000247 walletId=00000000-0000-4000-8000-000000000001 providerId=p status=PROCESSED
2026/09/28 23:12:39 INFO transaction handled correlationId=correlation messageId=message-op-77 transactionId=00000000-0000-4000-8000-000000000251 walletId=00000000-0000-4000-8000-000000000001 providerId=p status=PROCESSED
2026/09/28 23:12:39 INFO transaction handled correlationId=correlation messageId=message-op-77 transactionId=00000000-0000-4000-8000-000000000251 walletId=00000000-0000-4000-8000-000000000001 providerId=p status=PROCESSED
2026/09/28 23:12:39 INFO transaction handled correlationId=correlation messageId="" transactionId=00000000-0000-4000-8000-000000000254 walletId=00000000-0000-4000-8000-000000000001 providerId=p status=PROCESSED
2026/09/28 23:12:39 INFO transaction handled correlationId=correlation messageId=message-op-79 transactionId=00000000-0000-4000-8000-000000000256 walletId=00000000-0000-4000-8000-000000000001 providerId=p status=REJECTED
FAIL
FAIL	github.com/alexandre/wagering/internal/app/usecase	0.601s
FAIL
